pin,bay,signal
A1,1,CC_PRSNT1#
B1,1,GND
A2,1,FP_PET15_P
B2,1,FP_PER15_P
A3,1,FP_PET15_N
B3,1,FP_PER15_N
A4,1,GND
B4,1,GND
A5,1,FP_PET14_P
B5,1,FP_PER14_P
A6,1,FP_PET14_N
B6,1,FP_PER14_N
A7,1,GND
B7,1,GND
A8,1,FP_PET13_P
B8,1,FP_PER13_P
A9,1,FP_PET13_N
B9,1,FP_PER13_N
A10,1,GND
B10,1,GND
A11,1,FP_PET12_P
B11,1,FP_PER12_P
A12,1,FP_PET12_N
B12,1,FP_PER12_N
A13,1,GND
B13,1,GND
A14,1,FP_PET11_P
B14,1,FP_PER11_P
A15,1,FP_PET11_N
B15,1,FP_PER11_N
A16,1,GND
B16,1,GND
A17,1,FP_PET10_P
B17,1,FP_PER10_P
A18,1,FP_PET10_N
B18,1,FP_PER10_N
A19,1,GND
B19,1,GND
A20,1,FP_PET9_P
B20,1,FP_PER9_P
A21,1,FP_PET9_N
B21,1,FP_PER9_N
A22,1,GND
B22,1,GND
A23,1,FP_PET8_P
B23,1,FP_PER8_P
A24,1,FP_PET8_N
B24,1,FP_PER8_N
A25,1,GND
B25,1,GND
A26,1,FP_PET7_P
B26,1,FP_PER7_P
A27,1,FP_PET7_N
B27,1,FP_PER7_N
A28,1,GND
B28,1,GND
A29,2,GND
B29,2,GND
A30,2,FP_PET6_P
B30,2,FP_PER6_P
A31,2,FP_PET6_N
B31,2,FP_PER6_N
A32,2,GND
B32,2,GND
A33,2,FP_PET5_P
B33,2,FP_PER5_P
A34,2,FP_PET5_N
B34,2,FP_PER5_N
A35,2,GND
B35,2,GND
A36,2,FP_PET4_P
B36,2,FP_PER4_P
A37,2,FP_PET4_N
B37,2,FP_PER4_N
A38,2,GND
B38,2,GND
A39,2,FP_PET3_P
B39,2,FP_PER3_P
A40,2,FP_PET3_N
B40,2,FP_PER3_N
A41,2,GND
B41,2,GND
A42,2,FP_PET2_P
B42,2,FP_PER2_P
A43,2,FP_PET2_N
B43,2,FP_PER2_N
A44,2,GND
B44,2,GND
A45,2,FP_PET1_P
B45,2,FP_PER1_P
A46,2,FP_PET1_N
B46,2,FP_PER1_N
A47,2,GND
B47,2,GND
A48,2,FP_PET0_P
B48,2,FP_PER0_P
A49,2,FP_PET0_N
B49,2,FP_PER0_N
A50,2,GND
B50,2,GND
A51,2,FP_REFCLK_P
B51,2,USB2_FACEP_P
A52,2,FP_REFCLK_N
B52,2,USB2_FACEP_N
A53,2,GND
B53,2,GND
A54,2,RSVD_REFCLK2_P
B54,2,RSVD_HS_B1_P
A55,2,RSVD_REFCLK2_N
B55,2,RSVD_HS_B1_N
A56,2,GND
B56,2,GND
A57,3,GND
B57,3,GND
A58,3,FS_PET0_P
B58,3,FS_PER0_P
A59,3,FS_PET0_N
B59,3,FS_PER0_N
A60,3,GND
B60,3,GND
A61,3,FS_PET1_P
B61,3,FS_PER1_P
A62,3,FS_PET1_N
B62,3,FS_PER1_N
A63,3,GND
B63,3,GND
A64,3,FS_PET2_P
B64,3,FS_PER2_P
A65,3,FS_PET2_N
B65,3,FS_PER2_N
A66,3,GND
B66,3,GND
A67,3,FS_PET3_P
B67,3,FS_PER3_P
A68,3,FS_PET3_N
B68,3,FS_PER3_N
A69,3,GND
B69,3,GND
A70,3,FS_REFCLK_P
B70,3,SATA0_RX_P
A71,3,FS_REFCLK_N
B71,3,SATA0_RX_N
A72,3,GND
B72,3,GND
A73,3,SATA0_TX_P
B73,3,USB2_MCU_P
A74,3,SATA0_TX_N
B74,3,USB2_MCU_N
A75,3,GND
B75,3,GND
A76,3,RSVD_HS_A1_P
B76,3,USB2_FACES_P
A77,3,RSVD_HS_A1_N
B77,3,USB2_FACES_N
A78,3,GND
B78,3,GND
A79,3,RSVD_HS_A2_P
B79,3,USB2_SPARE_P
A80,3,RSVD_HS_A2_N
B80,3,USB2_SPARE_N
A81,3,GND
B81,3,GND
A82,3,GND
B82,3,RSVD_HS_B2_P
A83,3,GND
B83,3,RSVD_HS_B2_N
A84,3,GND
B84,3,GND
A85,4,GND
B85,4,GND
A86,4,PWRBTN#
B86,4,SMB_CLK
A87,4,RSTBTN#
B87,4,SMB_DAT
A88,4,GND
B88,4,GND
A89,4,SUS_S3#
B89,4,SMB_ALERT#
A90,4,SUS_S4_S5#
B90,4,I2C0_CLK
A91,4,GND
B91,4,GND
A92,4,RSMRST_OUT#
B92,4,I2C0_DAT
A93,4,VIN_PWR_OK
B93,4,UART0_TX
A94,4,GND
B94,4,GND
A95,4,PLTRST#
B95,4,UART0_RX
A96,4,THERMTRIP#
B96,4,FAN_PWMOUT
A97,4,GND
B97,4,GND
A98,4,CARRIER_HOT#
B98,4,FAN_TACHIN
A99,4,WAKE0#
B99,4,GPIO2
A100,4,GND
B100,4,GND
A101,4,BIOS_SEL
B101,4,GPIO3
A102,4,GPIO0
B102,4,RSVD_LS2
A103,4,GND
B103,4,GND
A104,4,GPIO1
B104,4,RSVD_LS3
A105,4,RSVD_LS1
B105,4,RSVD_LS4
A106,4,GND
B106,4,GND
A107,4,5V_SBY
B107,4,3V3_SB
A108,4,5V_SBY
B108,4,3V3_SB
A109,4,GND
B109,4,GND
A110,4,5V_SBY
B110,4,5V_SBY
A111,4,5V_SBY
B111,4,5V_SBY
A112,4,CC_PRSNT2#
B112,4,GND
