# SYNTHETIC AM5 land field (NOT the AMD land map - NDA). pitch 0.81 x 0.94 hex [Lotes]; footprint-local mm, +y up
land,x_mm,y_mm,assignment
C00R00,-17.820,-18.800,UNASSIGNED (NDA)
C00R02,-17.820,-17.860,UNASSIGNED (NDA)
C00R04,-17.820,-16.920,UNASSIGNED (NDA)
C00R06,-17.820,-15.980,UNASSIGNED (NDA)
C00R08,-17.820,-15.040,UNASSIGNED (NDA)
C00R10,-17.820,-14.100,UNASSIGNED (NDA)
C00R12,-17.820,-13.160,UNASSIGNED (NDA)
C00R14,-17.820,-12.220,UNASSIGNED (NDA)
C00R16,-17.820,-11.280,UNASSIGNED (NDA)
C00R18,-17.820,-10.340,UNASSIGNED (NDA)
C00R20,-17.820,-9.400,UNASSIGNED (NDA)
C00R22,-17.820,-8.460,UNASSIGNED (NDA)
C00R24,-17.820,-7.520,UNASSIGNED (NDA)
C00R26,-17.820,-6.580,UNASSIGNED (NDA)
C00R28,-17.820,-5.640,UNASSIGNED (NDA)
C00R30,-17.820,-4.700,UNASSIGNED (NDA)
C00R32,-17.820,-3.760,UNASSIGNED (NDA)
C00R34,-17.820,-2.820,UNASSIGNED (NDA)
C00R36,-17.820,-1.880,UNASSIGNED (NDA)
C00R38,-17.820,-0.940,UNASSIGNED (NDA)
C00R40,-17.820,0.000,UNASSIGNED (NDA)
C00R42,-17.820,0.940,UNASSIGNED (NDA)
C00R44,-17.820,1.880,UNASSIGNED (NDA)
C00R46,-17.820,2.820,UNASSIGNED (NDA)
C00R48,-17.820,3.760,UNASSIGNED (NDA)
C00R50,-17.820,4.700,UNASSIGNED (NDA)
C00R52,-17.820,5.640,UNASSIGNED (NDA)
C00R54,-17.820,6.580,UNASSIGNED (NDA)
C00R56,-17.820,7.520,UNASSIGNED (NDA)
C00R58,-17.820,8.460,UNASSIGNED (NDA)
C00R60,-17.820,9.400,UNASSIGNED (NDA)
C00R62,-17.820,10.340,UNASSIGNED (NDA)
C00R64,-17.820,11.280,UNASSIGNED (NDA)
C00R66,-17.820,12.220,UNASSIGNED (NDA)
C00R68,-17.820,13.160,UNASSIGNED (NDA)
C00R70,-17.820,14.100,UNASSIGNED (NDA)
C00R72,-17.820,15.040,UNASSIGNED (NDA)
C00R74,-17.820,15.980,UNASSIGNED (NDA)
C00R76,-17.820,16.920,UNASSIGNED (NDA)
C00R78,-17.820,17.860,UNASSIGNED (NDA)
C00R80,-17.820,18.800,UNASSIGNED (NDA)
C01R01,-17.010,-18.330,UNASSIGNED (NDA)
C01R03,-17.010,-17.390,UNASSIGNED (NDA)
C01R05,-17.010,-16.450,UNASSIGNED (NDA)
C01R07,-17.010,-15.510,UNASSIGNED (NDA)
C01R09,-17.010,-14.570,UNASSIGNED (NDA)
C01R11,-17.010,-13.630,UNASSIGNED (NDA)
C01R13,-17.010,-12.690,UNASSIGNED (NDA)
C01R15,-17.010,-11.750,UNASSIGNED (NDA)
C01R17,-17.010,-10.810,UNASSIGNED (NDA)
C01R19,-17.010,-9.870,UNASSIGNED (NDA)
C01R21,-17.010,-8.930,UNASSIGNED (NDA)
C01R23,-17.010,-7.990,UNASSIGNED (NDA)
C01R25,-17.010,-7.050,UNASSIGNED (NDA)
C01R27,-17.010,-6.110,UNASSIGNED (NDA)
C01R29,-17.010,-5.170,UNASSIGNED (NDA)
C01R31,-17.010,-4.230,UNASSIGNED (NDA)
C01R33,-17.010,-3.290,UNASSIGNED (NDA)
C01R35,-17.010,-2.350,UNASSIGNED (NDA)
C01R37,-17.010,-1.410,UNASSIGNED (NDA)
C01R39,-17.010,-0.470,UNASSIGNED (NDA)
C01R41,-17.010,0.470,UNASSIGNED (NDA)
C01R43,-17.010,1.410,UNASSIGNED (NDA)
C01R45,-17.010,2.350,UNASSIGNED (NDA)
C01R47,-17.010,3.290,UNASSIGNED (NDA)
C01R49,-17.010,4.230,UNASSIGNED (NDA)
C01R51,-17.010,5.170,UNASSIGNED (NDA)
C01R53,-17.010,6.110,UNASSIGNED (NDA)
C01R55,-17.010,7.050,UNASSIGNED (NDA)
C01R57,-17.010,7.990,UNASSIGNED (NDA)
C01R59,-17.010,8.930,UNASSIGNED (NDA)
C01R61,-17.010,9.870,UNASSIGNED (NDA)
C01R63,-17.010,10.810,UNASSIGNED (NDA)
C01R65,-17.010,11.750,UNASSIGNED (NDA)
C01R67,-17.010,12.690,UNASSIGNED (NDA)
C01R69,-17.010,13.630,UNASSIGNED (NDA)
C01R71,-17.010,14.570,UNASSIGNED (NDA)
C01R73,-17.010,15.510,UNASSIGNED (NDA)
C01R75,-17.010,16.450,UNASSIGNED (NDA)
C01R77,-17.010,17.390,UNASSIGNED (NDA)
C01R79,-17.010,18.330,UNASSIGNED (NDA)
C02R00,-16.200,-18.800,UNASSIGNED (NDA)
C02R02,-16.200,-17.860,UNASSIGNED (NDA)
C02R04,-16.200,-16.920,UNASSIGNED (NDA)
C02R06,-16.200,-15.980,UNASSIGNED (NDA)
C02R08,-16.200,-15.040,UNASSIGNED (NDA)
C02R10,-16.200,-14.100,UNASSIGNED (NDA)
C02R12,-16.200,-13.160,UNASSIGNED (NDA)
C02R14,-16.200,-12.220,UNASSIGNED (NDA)
C02R16,-16.200,-11.280,UNASSIGNED (NDA)
C02R18,-16.200,-10.340,UNASSIGNED (NDA)
C02R20,-16.200,-9.400,UNASSIGNED (NDA)
C02R22,-16.200,-8.460,UNASSIGNED (NDA)
C02R24,-16.200,-7.520,UNASSIGNED (NDA)
C02R26,-16.200,-6.580,UNASSIGNED (NDA)
C02R28,-16.200,-5.640,UNASSIGNED (NDA)
C02R30,-16.200,-4.700,UNASSIGNED (NDA)
C02R32,-16.200,-3.760,UNASSIGNED (NDA)
C02R34,-16.200,-2.820,UNASSIGNED (NDA)
C02R36,-16.200,-1.880,UNASSIGNED (NDA)
C02R38,-16.200,-0.940,UNASSIGNED (NDA)
C02R40,-16.200,0.000,UNASSIGNED (NDA)
C02R42,-16.200,0.940,UNASSIGNED (NDA)
C02R44,-16.200,1.880,UNASSIGNED (NDA)
C02R46,-16.200,2.820,UNASSIGNED (NDA)
C02R48,-16.200,3.760,UNASSIGNED (NDA)
C02R50,-16.200,4.700,UNASSIGNED (NDA)
C02R52,-16.200,5.640,UNASSIGNED (NDA)
C02R54,-16.200,6.580,UNASSIGNED (NDA)
C02R56,-16.200,7.520,UNASSIGNED (NDA)
C02R58,-16.200,8.460,UNASSIGNED (NDA)
C02R60,-16.200,9.400,UNASSIGNED (NDA)
C02R62,-16.200,10.340,UNASSIGNED (NDA)
C02R64,-16.200,11.280,UNASSIGNED (NDA)
C02R66,-16.200,12.220,UNASSIGNED (NDA)
C02R68,-16.200,13.160,UNASSIGNED (NDA)
C02R70,-16.200,14.100,UNASSIGNED (NDA)
C02R72,-16.200,15.040,UNASSIGNED (NDA)
C02R74,-16.200,15.980,UNASSIGNED (NDA)
C02R76,-16.200,16.920,UNASSIGNED (NDA)
C02R78,-16.200,17.860,UNASSIGNED (NDA)
C02R80,-16.200,18.800,UNASSIGNED (NDA)
C03R01,-15.390,-18.330,UNASSIGNED (NDA)
C03R03,-15.390,-17.390,UNASSIGNED (NDA)
C03R05,-15.390,-16.450,UNASSIGNED (NDA)
C03R07,-15.390,-15.510,UNASSIGNED (NDA)
C03R09,-15.390,-14.570,UNASSIGNED (NDA)
C03R11,-15.390,-13.630,UNASSIGNED (NDA)
C03R13,-15.390,-12.690,UNASSIGNED (NDA)
C03R15,-15.390,-11.750,UNASSIGNED (NDA)
C03R17,-15.390,-10.810,UNASSIGNED (NDA)
C03R19,-15.390,-9.870,UNASSIGNED (NDA)
C03R21,-15.390,-8.930,UNASSIGNED (NDA)
C03R23,-15.390,-7.990,UNASSIGNED (NDA)
C03R25,-15.390,-7.050,UNASSIGNED (NDA)
C03R27,-15.390,-6.110,UNASSIGNED (NDA)
C03R29,-15.390,-5.170,UNASSIGNED (NDA)
C03R31,-15.390,-4.230,UNASSIGNED (NDA)
C03R33,-15.390,-3.290,UNASSIGNED (NDA)
C03R35,-15.390,-2.350,UNASSIGNED (NDA)
C03R37,-15.390,-1.410,UNASSIGNED (NDA)
C03R39,-15.390,-0.470,UNASSIGNED (NDA)
C03R41,-15.390,0.470,UNASSIGNED (NDA)
C03R43,-15.390,1.410,UNASSIGNED (NDA)
C03R45,-15.390,2.350,UNASSIGNED (NDA)
C03R47,-15.390,3.290,UNASSIGNED (NDA)
C03R49,-15.390,4.230,UNASSIGNED (NDA)
C03R51,-15.390,5.170,UNASSIGNED (NDA)
C03R53,-15.390,6.110,UNASSIGNED (NDA)
C03R55,-15.390,7.050,UNASSIGNED (NDA)
C03R57,-15.390,7.990,UNASSIGNED (NDA)
C03R59,-15.390,8.930,UNASSIGNED (NDA)
C03R61,-15.390,9.870,UNASSIGNED (NDA)
C03R63,-15.390,10.810,UNASSIGNED (NDA)
C03R65,-15.390,11.750,UNASSIGNED (NDA)
C03R67,-15.390,12.690,UNASSIGNED (NDA)
C03R69,-15.390,13.630,UNASSIGNED (NDA)
C03R71,-15.390,14.570,UNASSIGNED (NDA)
C03R73,-15.390,15.510,UNASSIGNED (NDA)
C03R75,-15.390,16.450,UNASSIGNED (NDA)
C03R77,-15.390,17.390,UNASSIGNED (NDA)
C03R79,-15.390,18.330,UNASSIGNED (NDA)
C04R00,-14.580,-18.800,UNASSIGNED (NDA)
C04R02,-14.580,-17.860,UNASSIGNED (NDA)
C04R04,-14.580,-16.920,UNASSIGNED (NDA)
C04R06,-14.580,-15.980,UNASSIGNED (NDA)
C04R08,-14.580,-15.040,UNASSIGNED (NDA)
C04R10,-14.580,-14.100,UNASSIGNED (NDA)
C04R12,-14.580,-13.160,UNASSIGNED (NDA)
C04R14,-14.580,-12.220,UNASSIGNED (NDA)
C04R16,-14.580,-11.280,UNASSIGNED (NDA)
C04R18,-14.580,-10.340,UNASSIGNED (NDA)
C04R20,-14.580,-9.400,UNASSIGNED (NDA)
C04R22,-14.580,-8.460,UNASSIGNED (NDA)
C04R24,-14.580,-7.520,UNASSIGNED (NDA)
C04R26,-14.580,-6.580,UNASSIGNED (NDA)
C04R28,-14.580,-5.640,UNASSIGNED (NDA)
C04R30,-14.580,-4.700,UNASSIGNED (NDA)
C04R32,-14.580,-3.760,UNASSIGNED (NDA)
C04R34,-14.580,-2.820,UNASSIGNED (NDA)
C04R36,-14.580,-1.880,UNASSIGNED (NDA)
C04R38,-14.580,-0.940,UNASSIGNED (NDA)
C04R40,-14.580,0.000,UNASSIGNED (NDA)
C04R42,-14.580,0.940,UNASSIGNED (NDA)
C04R44,-14.580,1.880,UNASSIGNED (NDA)
C04R46,-14.580,2.820,UNASSIGNED (NDA)
C04R48,-14.580,3.760,UNASSIGNED (NDA)
C04R50,-14.580,4.700,UNASSIGNED (NDA)
C04R52,-14.580,5.640,UNASSIGNED (NDA)
C04R54,-14.580,6.580,UNASSIGNED (NDA)
C04R56,-14.580,7.520,UNASSIGNED (NDA)
C04R58,-14.580,8.460,UNASSIGNED (NDA)
C04R60,-14.580,9.400,UNASSIGNED (NDA)
C04R62,-14.580,10.340,UNASSIGNED (NDA)
C04R64,-14.580,11.280,UNASSIGNED (NDA)
C04R66,-14.580,12.220,UNASSIGNED (NDA)
C04R68,-14.580,13.160,UNASSIGNED (NDA)
C04R70,-14.580,14.100,UNASSIGNED (NDA)
C04R72,-14.580,15.040,UNASSIGNED (NDA)
C04R74,-14.580,15.980,UNASSIGNED (NDA)
C04R76,-14.580,16.920,UNASSIGNED (NDA)
C04R78,-14.580,17.860,UNASSIGNED (NDA)
C04R80,-14.580,18.800,UNASSIGNED (NDA)
C05R01,-13.770,-18.330,UNASSIGNED (NDA)
C05R03,-13.770,-17.390,UNASSIGNED (NDA)
C05R05,-13.770,-16.450,UNASSIGNED (NDA)
C05R07,-13.770,-15.510,UNASSIGNED (NDA)
C05R09,-13.770,-14.570,UNASSIGNED (NDA)
C05R11,-13.770,-13.630,UNASSIGNED (NDA)
C05R13,-13.770,-12.690,UNASSIGNED (NDA)
C05R15,-13.770,-11.750,UNASSIGNED (NDA)
C05R17,-13.770,-10.810,UNASSIGNED (NDA)
C05R19,-13.770,-9.870,UNASSIGNED (NDA)
C05R21,-13.770,-8.930,UNASSIGNED (NDA)
C05R23,-13.770,-7.990,UNASSIGNED (NDA)
C05R25,-13.770,-7.050,UNASSIGNED (NDA)
C05R27,-13.770,-6.110,UNASSIGNED (NDA)
C05R29,-13.770,-5.170,UNASSIGNED (NDA)
C05R31,-13.770,-4.230,UNASSIGNED (NDA)
C05R33,-13.770,-3.290,UNASSIGNED (NDA)
C05R35,-13.770,-2.350,UNASSIGNED (NDA)
C05R37,-13.770,-1.410,UNASSIGNED (NDA)
C05R39,-13.770,-0.470,UNASSIGNED (NDA)
C05R41,-13.770,0.470,UNASSIGNED (NDA)
C05R43,-13.770,1.410,UNASSIGNED (NDA)
C05R45,-13.770,2.350,UNASSIGNED (NDA)
C05R47,-13.770,3.290,UNASSIGNED (NDA)
C05R49,-13.770,4.230,UNASSIGNED (NDA)
C05R51,-13.770,5.170,UNASSIGNED (NDA)
C05R53,-13.770,6.110,UNASSIGNED (NDA)
C05R55,-13.770,7.050,UNASSIGNED (NDA)
C05R57,-13.770,7.990,UNASSIGNED (NDA)
C05R59,-13.770,8.930,UNASSIGNED (NDA)
C05R61,-13.770,9.870,UNASSIGNED (NDA)
C05R63,-13.770,10.810,UNASSIGNED (NDA)
C05R65,-13.770,11.750,UNASSIGNED (NDA)
C05R67,-13.770,12.690,UNASSIGNED (NDA)
C05R69,-13.770,13.630,UNASSIGNED (NDA)
C05R71,-13.770,14.570,UNASSIGNED (NDA)
C05R73,-13.770,15.510,UNASSIGNED (NDA)
C05R75,-13.770,16.450,UNASSIGNED (NDA)
C05R77,-13.770,17.390,UNASSIGNED (NDA)
C05R79,-13.770,18.330,UNASSIGNED (NDA)
C06R00,-12.960,-18.800,UNASSIGNED (NDA)
C06R02,-12.960,-17.860,UNASSIGNED (NDA)
C06R04,-12.960,-16.920,UNASSIGNED (NDA)
C06R06,-12.960,-15.980,UNASSIGNED (NDA)
C06R08,-12.960,-15.040,UNASSIGNED (NDA)
C06R10,-12.960,-14.100,UNASSIGNED (NDA)
C06R12,-12.960,-13.160,UNASSIGNED (NDA)
C06R14,-12.960,-12.220,UNASSIGNED (NDA)
C06R16,-12.960,-11.280,UNASSIGNED (NDA)
C06R18,-12.960,-10.340,UNASSIGNED (NDA)
C06R20,-12.960,-9.400,UNASSIGNED (NDA)
C06R22,-12.960,-8.460,UNASSIGNED (NDA)
C06R24,-12.960,-7.520,UNASSIGNED (NDA)
C06R26,-12.960,-6.580,UNASSIGNED (NDA)
C06R28,-12.960,-5.640,UNASSIGNED (NDA)
C06R30,-12.960,-4.700,UNASSIGNED (NDA)
C06R32,-12.960,-3.760,UNASSIGNED (NDA)
C06R34,-12.960,-2.820,UNASSIGNED (NDA)
C06R36,-12.960,-1.880,UNASSIGNED (NDA)
C06R38,-12.960,-0.940,UNASSIGNED (NDA)
C06R40,-12.960,0.000,UNASSIGNED (NDA)
C06R42,-12.960,0.940,UNASSIGNED (NDA)
C06R44,-12.960,1.880,UNASSIGNED (NDA)
C06R46,-12.960,2.820,UNASSIGNED (NDA)
C06R48,-12.960,3.760,UNASSIGNED (NDA)
C06R50,-12.960,4.700,UNASSIGNED (NDA)
C06R52,-12.960,5.640,UNASSIGNED (NDA)
C06R54,-12.960,6.580,UNASSIGNED (NDA)
C06R56,-12.960,7.520,UNASSIGNED (NDA)
C06R58,-12.960,8.460,UNASSIGNED (NDA)
C06R60,-12.960,9.400,UNASSIGNED (NDA)
C06R62,-12.960,10.340,UNASSIGNED (NDA)
C06R64,-12.960,11.280,UNASSIGNED (NDA)
C06R66,-12.960,12.220,UNASSIGNED (NDA)
C06R68,-12.960,13.160,UNASSIGNED (NDA)
C06R70,-12.960,14.100,UNASSIGNED (NDA)
C06R72,-12.960,15.040,UNASSIGNED (NDA)
C06R74,-12.960,15.980,UNASSIGNED (NDA)
C06R76,-12.960,16.920,UNASSIGNED (NDA)
C06R78,-12.960,17.860,UNASSIGNED (NDA)
C06R80,-12.960,18.800,UNASSIGNED (NDA)
C07R01,-12.150,-18.330,UNASSIGNED (NDA)
C07R03,-12.150,-17.390,UNASSIGNED (NDA)
C07R05,-12.150,-16.450,UNASSIGNED (NDA)
C07R07,-12.150,-15.510,UNASSIGNED (NDA)
C07R09,-12.150,-14.570,UNASSIGNED (NDA)
C07R11,-12.150,-13.630,UNASSIGNED (NDA)
C07R13,-12.150,-12.690,UNASSIGNED (NDA)
C07R15,-12.150,-11.750,UNASSIGNED (NDA)
C07R17,-12.150,-10.810,UNASSIGNED (NDA)
C07R19,-12.150,-9.870,UNASSIGNED (NDA)
C07R21,-12.150,-8.930,UNASSIGNED (NDA)
C07R23,-12.150,-7.990,UNASSIGNED (NDA)
C07R25,-12.150,-7.050,UNASSIGNED (NDA)
C07R27,-12.150,-6.110,UNASSIGNED (NDA)
C07R29,-12.150,-5.170,UNASSIGNED (NDA)
C07R31,-12.150,-4.230,UNASSIGNED (NDA)
C07R33,-12.150,-3.290,UNASSIGNED (NDA)
C07R35,-12.150,-2.350,UNASSIGNED (NDA)
C07R37,-12.150,-1.410,UNASSIGNED (NDA)
C07R39,-12.150,-0.470,UNASSIGNED (NDA)
C07R41,-12.150,0.470,UNASSIGNED (NDA)
C07R43,-12.150,1.410,UNASSIGNED (NDA)
C07R45,-12.150,2.350,UNASSIGNED (NDA)
C07R47,-12.150,3.290,UNASSIGNED (NDA)
C07R49,-12.150,4.230,UNASSIGNED (NDA)
C07R51,-12.150,5.170,UNASSIGNED (NDA)
C07R53,-12.150,6.110,UNASSIGNED (NDA)
C07R55,-12.150,7.050,UNASSIGNED (NDA)
C07R57,-12.150,7.990,UNASSIGNED (NDA)
C07R59,-12.150,8.930,UNASSIGNED (NDA)
C07R61,-12.150,9.870,UNASSIGNED (NDA)
C07R63,-12.150,10.810,UNASSIGNED (NDA)
C07R65,-12.150,11.750,UNASSIGNED (NDA)
C07R67,-12.150,12.690,UNASSIGNED (NDA)
C07R69,-12.150,13.630,UNASSIGNED (NDA)
C07R71,-12.150,14.570,UNASSIGNED (NDA)
C07R73,-12.150,15.510,UNASSIGNED (NDA)
C07R75,-12.150,16.450,UNASSIGNED (NDA)
C07R77,-12.150,17.390,UNASSIGNED (NDA)
C07R79,-12.150,18.330,UNASSIGNED (NDA)
C08R00,-11.340,-18.800,UNASSIGNED (NDA)
C08R02,-11.340,-17.860,UNASSIGNED (NDA)
C08R04,-11.340,-16.920,UNASSIGNED (NDA)
C08R06,-11.340,-15.980,UNASSIGNED (NDA)
C08R08,-11.340,-15.040,UNASSIGNED (NDA)
C08R10,-11.340,-14.100,UNASSIGNED (NDA)
C08R12,-11.340,-13.160,UNASSIGNED (NDA)
C08R14,-11.340,-12.220,UNASSIGNED (NDA)
C08R16,-11.340,-11.280,UNASSIGNED (NDA)
C08R18,-11.340,-10.340,UNASSIGNED (NDA)
C08R20,-11.340,-9.400,UNASSIGNED (NDA)
C08R22,-11.340,-8.460,UNASSIGNED (NDA)
C08R24,-11.340,-7.520,UNASSIGNED (NDA)
C08R26,-11.340,-6.580,UNASSIGNED (NDA)
C08R28,-11.340,-5.640,UNASSIGNED (NDA)
C08R30,-11.340,-4.700,UNASSIGNED (NDA)
C08R32,-11.340,-3.760,UNASSIGNED (NDA)
C08R34,-11.340,-2.820,UNASSIGNED (NDA)
C08R36,-11.340,-1.880,UNASSIGNED (NDA)
C08R38,-11.340,-0.940,UNASSIGNED (NDA)
C08R40,-11.340,0.000,UNASSIGNED (NDA)
C08R42,-11.340,0.940,UNASSIGNED (NDA)
C08R44,-11.340,1.880,UNASSIGNED (NDA)
C08R46,-11.340,2.820,UNASSIGNED (NDA)
C08R48,-11.340,3.760,UNASSIGNED (NDA)
C08R50,-11.340,4.700,UNASSIGNED (NDA)
C08R52,-11.340,5.640,UNASSIGNED (NDA)
C08R54,-11.340,6.580,UNASSIGNED (NDA)
C08R56,-11.340,7.520,UNASSIGNED (NDA)
C08R58,-11.340,8.460,UNASSIGNED (NDA)
C08R60,-11.340,9.400,UNASSIGNED (NDA)
C08R62,-11.340,10.340,UNASSIGNED (NDA)
C08R64,-11.340,11.280,UNASSIGNED (NDA)
C08R66,-11.340,12.220,UNASSIGNED (NDA)
C08R68,-11.340,13.160,UNASSIGNED (NDA)
C08R70,-11.340,14.100,UNASSIGNED (NDA)
C08R72,-11.340,15.040,UNASSIGNED (NDA)
C08R74,-11.340,15.980,UNASSIGNED (NDA)
C08R76,-11.340,16.920,UNASSIGNED (NDA)
C08R78,-11.340,17.860,UNASSIGNED (NDA)
C08R80,-11.340,18.800,UNASSIGNED (NDA)
C09R01,-10.530,-18.330,UNASSIGNED (NDA)
C09R03,-10.530,-17.390,UNASSIGNED (NDA)
C09R05,-10.530,-16.450,UNASSIGNED (NDA)
C09R07,-10.530,-15.510,UNASSIGNED (NDA)
C09R09,-10.530,-14.570,UNASSIGNED (NDA)
C09R11,-10.530,-13.630,UNASSIGNED (NDA)
C09R13,-10.530,-12.690,UNASSIGNED (NDA)
C09R15,-10.530,-11.750,UNASSIGNED (NDA)
C09R17,-10.530,-10.810,UNASSIGNED (NDA)
C09R19,-10.530,-9.870,UNASSIGNED (NDA)
C09R21,-10.530,-8.930,UNASSIGNED (NDA)
C09R23,-10.530,-7.990,UNASSIGNED (NDA)
C09R25,-10.530,-7.050,UNASSIGNED (NDA)
C09R27,-10.530,-6.110,UNASSIGNED (NDA)
C09R29,-10.530,-5.170,UNASSIGNED (NDA)
C09R31,-10.530,-4.230,UNASSIGNED (NDA)
C09R33,-10.530,-3.290,UNASSIGNED (NDA)
C09R35,-10.530,-2.350,UNASSIGNED (NDA)
C09R37,-10.530,-1.410,UNASSIGNED (NDA)
C09R39,-10.530,-0.470,UNASSIGNED (NDA)
C09R41,-10.530,0.470,UNASSIGNED (NDA)
C09R43,-10.530,1.410,UNASSIGNED (NDA)
C09R45,-10.530,2.350,UNASSIGNED (NDA)
C09R47,-10.530,3.290,UNASSIGNED (NDA)
C09R49,-10.530,4.230,UNASSIGNED (NDA)
C09R51,-10.530,5.170,UNASSIGNED (NDA)
C09R53,-10.530,6.110,UNASSIGNED (NDA)
C09R55,-10.530,7.050,UNASSIGNED (NDA)
C09R57,-10.530,7.990,UNASSIGNED (NDA)
C09R59,-10.530,8.930,UNASSIGNED (NDA)
C09R61,-10.530,9.870,UNASSIGNED (NDA)
C09R63,-10.530,10.810,UNASSIGNED (NDA)
C09R65,-10.530,11.750,UNASSIGNED (NDA)
C09R67,-10.530,12.690,UNASSIGNED (NDA)
C09R69,-10.530,13.630,UNASSIGNED (NDA)
C09R71,-10.530,14.570,UNASSIGNED (NDA)
C09R73,-10.530,15.510,UNASSIGNED (NDA)
C09R75,-10.530,16.450,UNASSIGNED (NDA)
C09R77,-10.530,17.390,UNASSIGNED (NDA)
C09R79,-10.530,18.330,UNASSIGNED (NDA)
C10R00,-9.720,-18.800,UNASSIGNED (NDA)
C10R02,-9.720,-17.860,UNASSIGNED (NDA)
C10R04,-9.720,-16.920,UNASSIGNED (NDA)
C10R06,-9.720,-15.980,UNASSIGNED (NDA)
C10R08,-9.720,-15.040,UNASSIGNED (NDA)
C10R10,-9.720,-14.100,UNASSIGNED (NDA)
C10R12,-9.720,-13.160,UNASSIGNED (NDA)
C10R14,-9.720,-12.220,UNASSIGNED (NDA)
C10R16,-9.720,-11.280,UNASSIGNED (NDA)
C10R18,-9.720,-10.340,UNASSIGNED (NDA)
C10R20,-9.720,-9.400,UNASSIGNED (NDA)
C10R22,-9.720,-8.460,UNASSIGNED (NDA)
C10R24,-9.720,-7.520,UNASSIGNED (NDA)
C10R26,-9.720,-6.580,UNASSIGNED (NDA)
C10R28,-9.720,-5.640,UNASSIGNED (NDA)
C10R30,-9.720,-4.700,UNASSIGNED (NDA)
C10R32,-9.720,-3.760,UNASSIGNED (NDA)
C10R34,-9.720,-2.820,UNASSIGNED (NDA)
C10R36,-9.720,-1.880,UNASSIGNED (NDA)
C10R38,-9.720,-0.940,UNASSIGNED (NDA)
C10R40,-9.720,0.000,UNASSIGNED (NDA)
C10R42,-9.720,0.940,UNASSIGNED (NDA)
C10R44,-9.720,1.880,UNASSIGNED (NDA)
C10R46,-9.720,2.820,UNASSIGNED (NDA)
C10R48,-9.720,3.760,UNASSIGNED (NDA)
C10R50,-9.720,4.700,UNASSIGNED (NDA)
C10R52,-9.720,5.640,UNASSIGNED (NDA)
C10R54,-9.720,6.580,UNASSIGNED (NDA)
C10R56,-9.720,7.520,UNASSIGNED (NDA)
C10R58,-9.720,8.460,UNASSIGNED (NDA)
C10R60,-9.720,9.400,UNASSIGNED (NDA)
C10R62,-9.720,10.340,UNASSIGNED (NDA)
C10R64,-9.720,11.280,UNASSIGNED (NDA)
C10R66,-9.720,12.220,UNASSIGNED (NDA)
C10R68,-9.720,13.160,UNASSIGNED (NDA)
C10R70,-9.720,14.100,UNASSIGNED (NDA)
C10R72,-9.720,15.040,UNASSIGNED (NDA)
C10R74,-9.720,15.980,UNASSIGNED (NDA)
C10R76,-9.720,16.920,UNASSIGNED (NDA)
C10R78,-9.720,17.860,UNASSIGNED (NDA)
C10R80,-9.720,18.800,UNASSIGNED (NDA)
C11R01,-8.910,-18.330,UNASSIGNED (NDA)
C11R03,-8.910,-17.390,UNASSIGNED (NDA)
C11R05,-8.910,-16.450,UNASSIGNED (NDA)
C11R07,-8.910,-15.510,UNASSIGNED (NDA)
C11R09,-8.910,-14.570,UNASSIGNED (NDA)
C11R11,-8.910,-13.630,UNASSIGNED (NDA)
C11R13,-8.910,-12.690,UNASSIGNED (NDA)
C11R15,-8.910,-11.750,UNASSIGNED (NDA)
C11R17,-8.910,-10.810,UNASSIGNED (NDA)
C11R19,-8.910,-9.870,UNASSIGNED (NDA)
C11R21,-8.910,-8.930,UNASSIGNED (NDA)
C11R23,-8.910,-7.990,UNASSIGNED (NDA)
C11R25,-8.910,-7.050,UNASSIGNED (NDA)
C11R27,-8.910,-6.110,UNASSIGNED (NDA)
C11R29,-8.910,-5.170,UNASSIGNED (NDA)
C11R31,-8.910,-4.230,UNASSIGNED (NDA)
C11R33,-8.910,-3.290,UNASSIGNED (NDA)
C11R35,-8.910,-2.350,UNASSIGNED (NDA)
C11R37,-8.910,-1.410,UNASSIGNED (NDA)
C11R39,-8.910,-0.470,UNASSIGNED (NDA)
C11R41,-8.910,0.470,UNASSIGNED (NDA)
C11R43,-8.910,1.410,UNASSIGNED (NDA)
C11R45,-8.910,2.350,UNASSIGNED (NDA)
C11R47,-8.910,3.290,UNASSIGNED (NDA)
C11R49,-8.910,4.230,UNASSIGNED (NDA)
C11R51,-8.910,5.170,UNASSIGNED (NDA)
C11R53,-8.910,6.110,UNASSIGNED (NDA)
C11R55,-8.910,7.050,UNASSIGNED (NDA)
C11R57,-8.910,7.990,UNASSIGNED (NDA)
C11R59,-8.910,8.930,UNASSIGNED (NDA)
C11R61,-8.910,9.870,UNASSIGNED (NDA)
C11R63,-8.910,10.810,UNASSIGNED (NDA)
C11R65,-8.910,11.750,UNASSIGNED (NDA)
C11R67,-8.910,12.690,UNASSIGNED (NDA)
C11R69,-8.910,13.630,UNASSIGNED (NDA)
C11R71,-8.910,14.570,UNASSIGNED (NDA)
C11R73,-8.910,15.510,UNASSIGNED (NDA)
C11R75,-8.910,16.450,UNASSIGNED (NDA)
C11R77,-8.910,17.390,UNASSIGNED (NDA)
C11R79,-8.910,18.330,UNASSIGNED (NDA)
C12R00,-8.100,-18.800,UNASSIGNED (NDA)
C12R02,-8.100,-17.860,UNASSIGNED (NDA)
C12R04,-8.100,-16.920,UNASSIGNED (NDA)
C12R06,-8.100,-15.980,UNASSIGNED (NDA)
C12R08,-8.100,-15.040,UNASSIGNED (NDA)
C12R10,-8.100,-14.100,UNASSIGNED (NDA)
C12R12,-8.100,-13.160,UNASSIGNED (NDA)
C12R14,-8.100,-12.220,UNASSIGNED (NDA)
C12R16,-8.100,-11.280,UNASSIGNED (NDA)
C12R18,-8.100,-10.340,UNASSIGNED (NDA)
C12R20,-8.100,-9.400,UNASSIGNED (NDA)
C12R22,-8.100,-8.460,UNASSIGNED (NDA)
C12R24,-8.100,-7.520,UNASSIGNED (NDA)
C12R26,-8.100,-6.580,UNASSIGNED (NDA)
C12R28,-8.100,-5.640,UNASSIGNED (NDA)
C12R30,-8.100,-4.700,UNASSIGNED (NDA)
C12R32,-8.100,-3.760,UNASSIGNED (NDA)
C12R34,-8.100,-2.820,UNASSIGNED (NDA)
C12R36,-8.100,-1.880,UNASSIGNED (NDA)
C12R38,-8.100,-0.940,UNASSIGNED (NDA)
C12R40,-8.100,0.000,UNASSIGNED (NDA)
C12R42,-8.100,0.940,UNASSIGNED (NDA)
C12R44,-8.100,1.880,UNASSIGNED (NDA)
C12R46,-8.100,2.820,UNASSIGNED (NDA)
C12R48,-8.100,3.760,UNASSIGNED (NDA)
C12R50,-8.100,4.700,UNASSIGNED (NDA)
C12R52,-8.100,5.640,UNASSIGNED (NDA)
C12R54,-8.100,6.580,UNASSIGNED (NDA)
C12R56,-8.100,7.520,UNASSIGNED (NDA)
C12R58,-8.100,8.460,UNASSIGNED (NDA)
C12R60,-8.100,9.400,UNASSIGNED (NDA)
C12R62,-8.100,10.340,UNASSIGNED (NDA)
C12R64,-8.100,11.280,UNASSIGNED (NDA)
C12R66,-8.100,12.220,UNASSIGNED (NDA)
C12R68,-8.100,13.160,UNASSIGNED (NDA)
C12R70,-8.100,14.100,UNASSIGNED (NDA)
C12R72,-8.100,15.040,UNASSIGNED (NDA)
C12R74,-8.100,15.980,UNASSIGNED (NDA)
C12R76,-8.100,16.920,UNASSIGNED (NDA)
C12R78,-8.100,17.860,UNASSIGNED (NDA)
C12R80,-8.100,18.800,UNASSIGNED (NDA)
C13R01,-7.290,-18.330,UNASSIGNED (NDA)
C13R03,-7.290,-17.390,UNASSIGNED (NDA)
C13R05,-7.290,-16.450,UNASSIGNED (NDA)
C13R07,-7.290,-15.510,UNASSIGNED (NDA)
C13R09,-7.290,-14.570,UNASSIGNED (NDA)
C13R11,-7.290,-13.630,UNASSIGNED (NDA)
C13R13,-7.290,-12.690,UNASSIGNED (NDA)
C13R15,-7.290,-11.750,UNASSIGNED (NDA)
C13R17,-7.290,-10.810,UNASSIGNED (NDA)
C13R19,-7.290,-9.870,UNASSIGNED (NDA)
C13R21,-7.290,-8.930,UNASSIGNED (NDA)
C13R23,-7.290,-7.990,UNASSIGNED (NDA)
C13R25,-7.290,-7.050,UNASSIGNED (NDA)
C13R27,-7.290,-6.110,UNASSIGNED (NDA)
C13R29,-7.290,-5.170,UNASSIGNED (NDA)
C13R31,-7.290,-4.230,UNASSIGNED (NDA)
C13R33,-7.290,-3.290,UNASSIGNED (NDA)
C13R35,-7.290,-2.350,UNASSIGNED (NDA)
C13R37,-7.290,-1.410,UNASSIGNED (NDA)
C13R39,-7.290,-0.470,UNASSIGNED (NDA)
C13R41,-7.290,0.470,UNASSIGNED (NDA)
C13R43,-7.290,1.410,UNASSIGNED (NDA)
C13R45,-7.290,2.350,UNASSIGNED (NDA)
C13R47,-7.290,3.290,UNASSIGNED (NDA)
C13R49,-7.290,4.230,UNASSIGNED (NDA)
C13R51,-7.290,5.170,UNASSIGNED (NDA)
C13R53,-7.290,6.110,UNASSIGNED (NDA)
C13R55,-7.290,7.050,UNASSIGNED (NDA)
C13R57,-7.290,7.990,UNASSIGNED (NDA)
C13R59,-7.290,8.930,UNASSIGNED (NDA)
C13R61,-7.290,9.870,UNASSIGNED (NDA)
C13R63,-7.290,10.810,UNASSIGNED (NDA)
C13R65,-7.290,11.750,UNASSIGNED (NDA)
C13R67,-7.290,12.690,UNASSIGNED (NDA)
C13R69,-7.290,13.630,UNASSIGNED (NDA)
C13R71,-7.290,14.570,UNASSIGNED (NDA)
C13R73,-7.290,15.510,UNASSIGNED (NDA)
C13R75,-7.290,16.450,UNASSIGNED (NDA)
C13R77,-7.290,17.390,UNASSIGNED (NDA)
C13R79,-7.290,18.330,UNASSIGNED (NDA)
C14R00,-6.480,-18.800,UNASSIGNED (NDA)
C14R02,-6.480,-17.860,UNASSIGNED (NDA)
C14R04,-6.480,-16.920,UNASSIGNED (NDA)
C14R06,-6.480,-15.980,UNASSIGNED (NDA)
C14R08,-6.480,-15.040,UNASSIGNED (NDA)
C14R10,-6.480,-14.100,UNASSIGNED (NDA)
C14R12,-6.480,-13.160,UNASSIGNED (NDA)
C14R14,-6.480,-12.220,UNASSIGNED (NDA)
C14R16,-6.480,-11.280,UNASSIGNED (NDA)
C14R18,-6.480,-10.340,UNASSIGNED (NDA)
C14R20,-6.480,-9.400,UNASSIGNED (NDA)
C14R22,-6.480,-8.460,UNASSIGNED (NDA)
C14R24,-6.480,-7.520,UNASSIGNED (NDA)
C14R26,-6.480,-6.580,UNASSIGNED (NDA)
C14R28,-6.480,-5.640,UNASSIGNED (NDA)
C14R30,-6.480,-4.700,UNASSIGNED (NDA)
C14R32,-6.480,-3.760,UNASSIGNED (NDA)
C14R34,-6.480,-2.820,UNASSIGNED (NDA)
C14R36,-6.480,-1.880,UNASSIGNED (NDA)
C14R38,-6.480,-0.940,UNASSIGNED (NDA)
C14R40,-6.480,0.000,UNASSIGNED (NDA)
C14R42,-6.480,0.940,UNASSIGNED (NDA)
C14R44,-6.480,1.880,UNASSIGNED (NDA)
C14R46,-6.480,2.820,UNASSIGNED (NDA)
C14R48,-6.480,3.760,UNASSIGNED (NDA)
C14R50,-6.480,4.700,UNASSIGNED (NDA)
C14R52,-6.480,5.640,UNASSIGNED (NDA)
C14R54,-6.480,6.580,UNASSIGNED (NDA)
C14R56,-6.480,7.520,UNASSIGNED (NDA)
C14R58,-6.480,8.460,UNASSIGNED (NDA)
C14R60,-6.480,9.400,UNASSIGNED (NDA)
C14R62,-6.480,10.340,UNASSIGNED (NDA)
C14R64,-6.480,11.280,UNASSIGNED (NDA)
C14R66,-6.480,12.220,UNASSIGNED (NDA)
C14R68,-6.480,13.160,UNASSIGNED (NDA)
C14R70,-6.480,14.100,UNASSIGNED (NDA)
C14R72,-6.480,15.040,UNASSIGNED (NDA)
C14R74,-6.480,15.980,UNASSIGNED (NDA)
C14R76,-6.480,16.920,UNASSIGNED (NDA)
C14R78,-6.480,17.860,UNASSIGNED (NDA)
C14R80,-6.480,18.800,UNASSIGNED (NDA)
C15R01,-5.670,-18.330,UNASSIGNED (NDA)
C15R03,-5.670,-17.390,UNASSIGNED (NDA)
C15R05,-5.670,-16.450,UNASSIGNED (NDA)
C15R07,-5.670,-15.510,UNASSIGNED (NDA)
C15R09,-5.670,-14.570,UNASSIGNED (NDA)
C15R11,-5.670,-13.630,UNASSIGNED (NDA)
C15R13,-5.670,-12.690,UNASSIGNED (NDA)
C15R15,-5.670,-11.750,UNASSIGNED (NDA)
C15R17,-5.670,-10.810,UNASSIGNED (NDA)
C15R19,-5.670,-9.870,UNASSIGNED (NDA)
C15R21,-5.670,-8.930,UNASSIGNED (NDA)
C15R23,-5.670,-7.990,UNASSIGNED (NDA)
C15R25,-5.670,-7.050,UNASSIGNED (NDA)
C15R27,-5.670,-6.110,UNASSIGNED (NDA)
C15R29,-5.670,-5.170,UNASSIGNED (NDA)
C15R31,-5.670,-4.230,UNASSIGNED (NDA)
C15R33,-5.670,-3.290,UNASSIGNED (NDA)
C15R35,-5.670,-2.350,UNASSIGNED (NDA)
C15R37,-5.670,-1.410,UNASSIGNED (NDA)
C15R39,-5.670,-0.470,UNASSIGNED (NDA)
C15R41,-5.670,0.470,UNASSIGNED (NDA)
C15R43,-5.670,1.410,UNASSIGNED (NDA)
C15R45,-5.670,2.350,UNASSIGNED (NDA)
C15R47,-5.670,3.290,UNASSIGNED (NDA)
C15R49,-5.670,4.230,UNASSIGNED (NDA)
C15R51,-5.670,5.170,UNASSIGNED (NDA)
C15R53,-5.670,6.110,UNASSIGNED (NDA)
C15R55,-5.670,7.050,UNASSIGNED (NDA)
C15R57,-5.670,7.990,UNASSIGNED (NDA)
C15R59,-5.670,8.930,UNASSIGNED (NDA)
C15R61,-5.670,9.870,UNASSIGNED (NDA)
C15R63,-5.670,10.810,UNASSIGNED (NDA)
C15R65,-5.670,11.750,UNASSIGNED (NDA)
C15R67,-5.670,12.690,UNASSIGNED (NDA)
C15R69,-5.670,13.630,UNASSIGNED (NDA)
C15R71,-5.670,14.570,UNASSIGNED (NDA)
C15R73,-5.670,15.510,UNASSIGNED (NDA)
C15R75,-5.670,16.450,UNASSIGNED (NDA)
C15R77,-5.670,17.390,UNASSIGNED (NDA)
C15R79,-5.670,18.330,UNASSIGNED (NDA)
C16R00,-4.860,-18.800,UNASSIGNED (NDA)
C16R02,-4.860,-17.860,UNASSIGNED (NDA)
C16R04,-4.860,-16.920,UNASSIGNED (NDA)
C16R06,-4.860,-15.980,UNASSIGNED (NDA)
C16R08,-4.860,-15.040,UNASSIGNED (NDA)
C16R10,-4.860,-14.100,UNASSIGNED (NDA)
C16R12,-4.860,-13.160,UNASSIGNED (NDA)
C16R14,-4.860,-12.220,UNASSIGNED (NDA)
C16R16,-4.860,-11.280,UNASSIGNED (NDA)
C16R18,-4.860,-10.340,UNASSIGNED (NDA)
C16R20,-4.860,-9.400,UNASSIGNED (NDA)
C16R22,-4.860,-8.460,UNASSIGNED (NDA)
C16R24,-4.860,-7.520,UNASSIGNED (NDA)
C16R26,-4.860,-6.580,UNASSIGNED (NDA)
C16R28,-4.860,-5.640,UNASSIGNED (NDA)
C16R30,-4.860,-4.700,UNASSIGNED (NDA)
C16R32,-4.860,-3.760,UNASSIGNED (NDA)
C16R34,-4.860,-2.820,UNASSIGNED (NDA)
C16R36,-4.860,-1.880,UNASSIGNED (NDA)
C16R38,-4.860,-0.940,UNASSIGNED (NDA)
C16R40,-4.860,0.000,UNASSIGNED (NDA)
C16R42,-4.860,0.940,UNASSIGNED (NDA)
C16R44,-4.860,1.880,UNASSIGNED (NDA)
C16R46,-4.860,2.820,UNASSIGNED (NDA)
C16R48,-4.860,3.760,UNASSIGNED (NDA)
C16R50,-4.860,4.700,UNASSIGNED (NDA)
C16R52,-4.860,5.640,UNASSIGNED (NDA)
C16R54,-4.860,6.580,UNASSIGNED (NDA)
C16R56,-4.860,7.520,UNASSIGNED (NDA)
C16R58,-4.860,8.460,UNASSIGNED (NDA)
C16R60,-4.860,9.400,UNASSIGNED (NDA)
C16R62,-4.860,10.340,UNASSIGNED (NDA)
C16R64,-4.860,11.280,UNASSIGNED (NDA)
C16R66,-4.860,12.220,UNASSIGNED (NDA)
C16R68,-4.860,13.160,UNASSIGNED (NDA)
C16R70,-4.860,14.100,UNASSIGNED (NDA)
C16R72,-4.860,15.040,UNASSIGNED (NDA)
C16R74,-4.860,15.980,UNASSIGNED (NDA)
C16R76,-4.860,16.920,UNASSIGNED (NDA)
C16R78,-4.860,17.860,UNASSIGNED (NDA)
C16R80,-4.860,18.800,UNASSIGNED (NDA)
C17R01,-4.050,-18.330,UNASSIGNED (NDA)
C17R03,-4.050,-17.390,UNASSIGNED (NDA)
C17R05,-4.050,-16.450,UNASSIGNED (NDA)
C17R07,-4.050,-15.510,UNASSIGNED (NDA)
C17R09,-4.050,-14.570,UNASSIGNED (NDA)
C17R11,-4.050,-13.630,UNASSIGNED (NDA)
C17R13,-4.050,-12.690,UNASSIGNED (NDA)
C17R15,-4.050,-11.750,UNASSIGNED (NDA)
C17R17,-4.050,-10.810,UNASSIGNED (NDA)
C17R19,-4.050,-9.870,UNASSIGNED (NDA)
C17R21,-4.050,-8.930,UNASSIGNED (NDA)
C17R23,-4.050,-7.990,UNASSIGNED (NDA)
C17R25,-4.050,-7.050,UNASSIGNED (NDA)
C17R27,-4.050,-6.110,UNASSIGNED (NDA)
C17R29,-4.050,-5.170,UNASSIGNED (NDA)
C17R51,-4.050,5.170,UNASSIGNED (NDA)
C17R53,-4.050,6.110,UNASSIGNED (NDA)
C17R55,-4.050,7.050,UNASSIGNED (NDA)
C17R57,-4.050,7.990,UNASSIGNED (NDA)
C17R59,-4.050,8.930,UNASSIGNED (NDA)
C17R61,-4.050,9.870,UNASSIGNED (NDA)
C17R63,-4.050,10.810,UNASSIGNED (NDA)
C17R65,-4.050,11.750,UNASSIGNED (NDA)
C17R67,-4.050,12.690,UNASSIGNED (NDA)
C17R69,-4.050,13.630,UNASSIGNED (NDA)
C17R71,-4.050,14.570,UNASSIGNED (NDA)
C17R73,-4.050,15.510,UNASSIGNED (NDA)
C17R75,-4.050,16.450,UNASSIGNED (NDA)
C17R77,-4.050,17.390,UNASSIGNED (NDA)
C17R79,-4.050,18.330,UNASSIGNED (NDA)
C18R00,-3.240,-18.800,UNASSIGNED (NDA)
C18R02,-3.240,-17.860,UNASSIGNED (NDA)
C18R04,-3.240,-16.920,UNASSIGNED (NDA)
C18R06,-3.240,-15.980,UNASSIGNED (NDA)
C18R08,-3.240,-15.040,UNASSIGNED (NDA)
C18R10,-3.240,-14.100,UNASSIGNED (NDA)
C18R12,-3.240,-13.160,UNASSIGNED (NDA)
C18R14,-3.240,-12.220,UNASSIGNED (NDA)
C18R16,-3.240,-11.280,UNASSIGNED (NDA)
C18R18,-3.240,-10.340,UNASSIGNED (NDA)
C18R20,-3.240,-9.400,UNASSIGNED (NDA)
C18R22,-3.240,-8.460,UNASSIGNED (NDA)
C18R24,-3.240,-7.520,UNASSIGNED (NDA)
C18R26,-3.240,-6.580,UNASSIGNED (NDA)
C18R28,-3.240,-5.640,UNASSIGNED (NDA)
C18R30,-3.240,-4.700,UNASSIGNED (NDA)
C18R50,-3.240,4.700,UNASSIGNED (NDA)
C18R52,-3.240,5.640,UNASSIGNED (NDA)
C18R54,-3.240,6.580,UNASSIGNED (NDA)
C18R56,-3.240,7.520,UNASSIGNED (NDA)
C18R58,-3.240,8.460,UNASSIGNED (NDA)
C18R60,-3.240,9.400,UNASSIGNED (NDA)
C18R62,-3.240,10.340,UNASSIGNED (NDA)
C18R64,-3.240,11.280,UNASSIGNED (NDA)
C18R66,-3.240,12.220,UNASSIGNED (NDA)
C18R68,-3.240,13.160,UNASSIGNED (NDA)
C18R70,-3.240,14.100,UNASSIGNED (NDA)
C18R72,-3.240,15.040,UNASSIGNED (NDA)
C18R74,-3.240,15.980,UNASSIGNED (NDA)
C18R76,-3.240,16.920,UNASSIGNED (NDA)
C18R78,-3.240,17.860,UNASSIGNED (NDA)
C18R80,-3.240,18.800,UNASSIGNED (NDA)
C19R01,-2.430,-18.330,UNASSIGNED (NDA)
C19R03,-2.430,-17.390,UNASSIGNED (NDA)
C19R05,-2.430,-16.450,UNASSIGNED (NDA)
C19R07,-2.430,-15.510,UNASSIGNED (NDA)
C19R09,-2.430,-14.570,UNASSIGNED (NDA)
C19R11,-2.430,-13.630,UNASSIGNED (NDA)
C19R13,-2.430,-12.690,UNASSIGNED (NDA)
C19R15,-2.430,-11.750,UNASSIGNED (NDA)
C19R17,-2.430,-10.810,UNASSIGNED (NDA)
C19R19,-2.430,-9.870,UNASSIGNED (NDA)
C19R21,-2.430,-8.930,UNASSIGNED (NDA)
C19R23,-2.430,-7.990,UNASSIGNED (NDA)
C19R25,-2.430,-7.050,UNASSIGNED (NDA)
C19R27,-2.430,-6.110,UNASSIGNED (NDA)
C19R29,-2.430,-5.170,UNASSIGNED (NDA)
C19R51,-2.430,5.170,UNASSIGNED (NDA)
C19R53,-2.430,6.110,UNASSIGNED (NDA)
C19R55,-2.430,7.050,UNASSIGNED (NDA)
C19R57,-2.430,7.990,UNASSIGNED (NDA)
C19R59,-2.430,8.930,UNASSIGNED (NDA)
C19R61,-2.430,9.870,UNASSIGNED (NDA)
C19R63,-2.430,10.810,UNASSIGNED (NDA)
C19R65,-2.430,11.750,UNASSIGNED (NDA)
C19R67,-2.430,12.690,UNASSIGNED (NDA)
C19R69,-2.430,13.630,UNASSIGNED (NDA)
C19R71,-2.430,14.570,UNASSIGNED (NDA)
C19R73,-2.430,15.510,UNASSIGNED (NDA)
C19R75,-2.430,16.450,UNASSIGNED (NDA)
C19R77,-2.430,17.390,UNASSIGNED (NDA)
C19R79,-2.430,18.330,UNASSIGNED (NDA)
C20R00,-1.620,-18.800,UNASSIGNED (NDA)
C20R02,-1.620,-17.860,UNASSIGNED (NDA)
C20R04,-1.620,-16.920,UNASSIGNED (NDA)
C20R06,-1.620,-15.980,UNASSIGNED (NDA)
C20R08,-1.620,-15.040,UNASSIGNED (NDA)
C20R10,-1.620,-14.100,UNASSIGNED (NDA)
C20R12,-1.620,-13.160,UNASSIGNED (NDA)
C20R14,-1.620,-12.220,UNASSIGNED (NDA)
C20R16,-1.620,-11.280,UNASSIGNED (NDA)
C20R18,-1.620,-10.340,UNASSIGNED (NDA)
C20R20,-1.620,-9.400,UNASSIGNED (NDA)
C20R22,-1.620,-8.460,UNASSIGNED (NDA)
C20R24,-1.620,-7.520,UNASSIGNED (NDA)
C20R26,-1.620,-6.580,UNASSIGNED (NDA)
C20R28,-1.620,-5.640,UNASSIGNED (NDA)
C20R30,-1.620,-4.700,UNASSIGNED (NDA)
C20R50,-1.620,4.700,UNASSIGNED (NDA)
C20R52,-1.620,5.640,UNASSIGNED (NDA)
C20R54,-1.620,6.580,UNASSIGNED (NDA)
C20R56,-1.620,7.520,UNASSIGNED (NDA)
C20R58,-1.620,8.460,UNASSIGNED (NDA)
C20R60,-1.620,9.400,UNASSIGNED (NDA)
C20R62,-1.620,10.340,UNASSIGNED (NDA)
C20R64,-1.620,11.280,UNASSIGNED (NDA)
C20R66,-1.620,12.220,UNASSIGNED (NDA)
C20R68,-1.620,13.160,UNASSIGNED (NDA)
C20R70,-1.620,14.100,UNASSIGNED (NDA)
C20R72,-1.620,15.040,UNASSIGNED (NDA)
C20R74,-1.620,15.980,UNASSIGNED (NDA)
C20R76,-1.620,16.920,UNASSIGNED (NDA)
C20R78,-1.620,17.860,UNASSIGNED (NDA)
C20R80,-1.620,18.800,UNASSIGNED (NDA)
C21R01,-0.810,-18.330,UNASSIGNED (NDA)
C21R03,-0.810,-17.390,UNASSIGNED (NDA)
C21R05,-0.810,-16.450,UNASSIGNED (NDA)
C21R07,-0.810,-15.510,UNASSIGNED (NDA)
C21R09,-0.810,-14.570,UNASSIGNED (NDA)
C21R11,-0.810,-13.630,UNASSIGNED (NDA)
C21R13,-0.810,-12.690,UNASSIGNED (NDA)
C21R15,-0.810,-11.750,UNASSIGNED (NDA)
C21R17,-0.810,-10.810,UNASSIGNED (NDA)
C21R19,-0.810,-9.870,UNASSIGNED (NDA)
C21R21,-0.810,-8.930,UNASSIGNED (NDA)
C21R23,-0.810,-7.990,UNASSIGNED (NDA)
C21R25,-0.810,-7.050,UNASSIGNED (NDA)
C21R27,-0.810,-6.110,UNASSIGNED (NDA)
C21R29,-0.810,-5.170,UNASSIGNED (NDA)
C21R51,-0.810,5.170,UNASSIGNED (NDA)
C21R53,-0.810,6.110,UNASSIGNED (NDA)
C21R55,-0.810,7.050,UNASSIGNED (NDA)
C21R57,-0.810,7.990,UNASSIGNED (NDA)
C21R59,-0.810,8.930,UNASSIGNED (NDA)
C21R61,-0.810,9.870,UNASSIGNED (NDA)
C21R63,-0.810,10.810,UNASSIGNED (NDA)
C21R65,-0.810,11.750,UNASSIGNED (NDA)
C21R67,-0.810,12.690,UNASSIGNED (NDA)
C21R69,-0.810,13.630,UNASSIGNED (NDA)
C21R71,-0.810,14.570,UNASSIGNED (NDA)
C21R73,-0.810,15.510,UNASSIGNED (NDA)
C21R75,-0.810,16.450,UNASSIGNED (NDA)
C21R77,-0.810,17.390,UNASSIGNED (NDA)
C21R79,-0.810,18.330,UNASSIGNED (NDA)
C22R00,0.000,-18.800,UNASSIGNED (NDA)
C22R02,0.000,-17.860,UNASSIGNED (NDA)
C22R04,0.000,-16.920,UNASSIGNED (NDA)
C22R06,0.000,-15.980,UNASSIGNED (NDA)
C22R08,0.000,-15.040,UNASSIGNED (NDA)
C22R10,0.000,-14.100,UNASSIGNED (NDA)
C22R12,0.000,-13.160,UNASSIGNED (NDA)
C22R14,0.000,-12.220,UNASSIGNED (NDA)
C22R16,0.000,-11.280,UNASSIGNED (NDA)
C22R18,0.000,-10.340,UNASSIGNED (NDA)
C22R20,0.000,-9.400,UNASSIGNED (NDA)
C22R22,0.000,-8.460,UNASSIGNED (NDA)
C22R24,0.000,-7.520,UNASSIGNED (NDA)
C22R26,0.000,-6.580,UNASSIGNED (NDA)
C22R28,0.000,-5.640,UNASSIGNED (NDA)
C22R30,0.000,-4.700,UNASSIGNED (NDA)
C22R50,0.000,4.700,UNASSIGNED (NDA)
C22R52,0.000,5.640,UNASSIGNED (NDA)
C22R54,0.000,6.580,UNASSIGNED (NDA)
C22R56,0.000,7.520,UNASSIGNED (NDA)
C22R58,0.000,8.460,UNASSIGNED (NDA)
C22R60,0.000,9.400,UNASSIGNED (NDA)
C22R62,0.000,10.340,UNASSIGNED (NDA)
C22R64,0.000,11.280,UNASSIGNED (NDA)
C22R66,0.000,12.220,UNASSIGNED (NDA)
C22R68,0.000,13.160,UNASSIGNED (NDA)
C22R70,0.000,14.100,UNASSIGNED (NDA)
C22R72,0.000,15.040,UNASSIGNED (NDA)
C22R74,0.000,15.980,UNASSIGNED (NDA)
C22R76,0.000,16.920,UNASSIGNED (NDA)
C22R78,0.000,17.860,UNASSIGNED (NDA)
C22R80,0.000,18.800,UNASSIGNED (NDA)
C23R01,0.810,-18.330,UNASSIGNED (NDA)
C23R03,0.810,-17.390,UNASSIGNED (NDA)
C23R05,0.810,-16.450,UNASSIGNED (NDA)
C23R07,0.810,-15.510,UNASSIGNED (NDA)
C23R09,0.810,-14.570,UNASSIGNED (NDA)
C23R11,0.810,-13.630,UNASSIGNED (NDA)
C23R13,0.810,-12.690,UNASSIGNED (NDA)
C23R15,0.810,-11.750,UNASSIGNED (NDA)
C23R17,0.810,-10.810,UNASSIGNED (NDA)
C23R19,0.810,-9.870,UNASSIGNED (NDA)
C23R21,0.810,-8.930,UNASSIGNED (NDA)
C23R23,0.810,-7.990,UNASSIGNED (NDA)
C23R25,0.810,-7.050,UNASSIGNED (NDA)
C23R27,0.810,-6.110,UNASSIGNED (NDA)
C23R29,0.810,-5.170,UNASSIGNED (NDA)
C23R51,0.810,5.170,UNASSIGNED (NDA)
C23R53,0.810,6.110,UNASSIGNED (NDA)
C23R55,0.810,7.050,UNASSIGNED (NDA)
C23R57,0.810,7.990,UNASSIGNED (NDA)
C23R59,0.810,8.930,UNASSIGNED (NDA)
C23R61,0.810,9.870,UNASSIGNED (NDA)
C23R63,0.810,10.810,UNASSIGNED (NDA)
C23R65,0.810,11.750,UNASSIGNED (NDA)
C23R67,0.810,12.690,UNASSIGNED (NDA)
C23R69,0.810,13.630,UNASSIGNED (NDA)
C23R71,0.810,14.570,UNASSIGNED (NDA)
C23R73,0.810,15.510,UNASSIGNED (NDA)
C23R75,0.810,16.450,UNASSIGNED (NDA)
C23R77,0.810,17.390,UNASSIGNED (NDA)
C23R79,0.810,18.330,UNASSIGNED (NDA)
C24R00,1.620,-18.800,UNASSIGNED (NDA)
C24R02,1.620,-17.860,UNASSIGNED (NDA)
C24R04,1.620,-16.920,UNASSIGNED (NDA)
C24R06,1.620,-15.980,UNASSIGNED (NDA)
C24R08,1.620,-15.040,UNASSIGNED (NDA)
C24R10,1.620,-14.100,UNASSIGNED (NDA)
C24R12,1.620,-13.160,UNASSIGNED (NDA)
C24R14,1.620,-12.220,UNASSIGNED (NDA)
C24R16,1.620,-11.280,UNASSIGNED (NDA)
C24R18,1.620,-10.340,UNASSIGNED (NDA)
C24R20,1.620,-9.400,UNASSIGNED (NDA)
C24R22,1.620,-8.460,UNASSIGNED (NDA)
C24R24,1.620,-7.520,UNASSIGNED (NDA)
C24R26,1.620,-6.580,UNASSIGNED (NDA)
C24R28,1.620,-5.640,UNASSIGNED (NDA)
C24R30,1.620,-4.700,UNASSIGNED (NDA)
C24R50,1.620,4.700,UNASSIGNED (NDA)
C24R52,1.620,5.640,UNASSIGNED (NDA)
C24R54,1.620,6.580,UNASSIGNED (NDA)
C24R56,1.620,7.520,UNASSIGNED (NDA)
C24R58,1.620,8.460,UNASSIGNED (NDA)
C24R60,1.620,9.400,UNASSIGNED (NDA)
C24R62,1.620,10.340,UNASSIGNED (NDA)
C24R64,1.620,11.280,UNASSIGNED (NDA)
C24R66,1.620,12.220,UNASSIGNED (NDA)
C24R68,1.620,13.160,UNASSIGNED (NDA)
C24R70,1.620,14.100,UNASSIGNED (NDA)
C24R72,1.620,15.040,UNASSIGNED (NDA)
C24R74,1.620,15.980,UNASSIGNED (NDA)
C24R76,1.620,16.920,UNASSIGNED (NDA)
C24R78,1.620,17.860,UNASSIGNED (NDA)
C24R80,1.620,18.800,UNASSIGNED (NDA)
C25R01,2.430,-18.330,UNASSIGNED (NDA)
C25R03,2.430,-17.390,UNASSIGNED (NDA)
C25R05,2.430,-16.450,UNASSIGNED (NDA)
C25R07,2.430,-15.510,UNASSIGNED (NDA)
C25R09,2.430,-14.570,UNASSIGNED (NDA)
C25R11,2.430,-13.630,UNASSIGNED (NDA)
C25R13,2.430,-12.690,UNASSIGNED (NDA)
C25R15,2.430,-11.750,UNASSIGNED (NDA)
C25R17,2.430,-10.810,UNASSIGNED (NDA)
C25R19,2.430,-9.870,UNASSIGNED (NDA)
C25R21,2.430,-8.930,UNASSIGNED (NDA)
C25R23,2.430,-7.990,UNASSIGNED (NDA)
C25R25,2.430,-7.050,UNASSIGNED (NDA)
C25R27,2.430,-6.110,UNASSIGNED (NDA)
C25R29,2.430,-5.170,UNASSIGNED (NDA)
C25R51,2.430,5.170,UNASSIGNED (NDA)
C25R53,2.430,6.110,UNASSIGNED (NDA)
C25R55,2.430,7.050,UNASSIGNED (NDA)
C25R57,2.430,7.990,UNASSIGNED (NDA)
C25R59,2.430,8.930,UNASSIGNED (NDA)
C25R61,2.430,9.870,UNASSIGNED (NDA)
C25R63,2.430,10.810,UNASSIGNED (NDA)
C25R65,2.430,11.750,UNASSIGNED (NDA)
C25R67,2.430,12.690,UNASSIGNED (NDA)
C25R69,2.430,13.630,UNASSIGNED (NDA)
C25R71,2.430,14.570,UNASSIGNED (NDA)
C25R73,2.430,15.510,UNASSIGNED (NDA)
C25R75,2.430,16.450,UNASSIGNED (NDA)
C25R77,2.430,17.390,UNASSIGNED (NDA)
C25R79,2.430,18.330,UNASSIGNED (NDA)
C26R00,3.240,-18.800,UNASSIGNED (NDA)
C26R02,3.240,-17.860,UNASSIGNED (NDA)
C26R04,3.240,-16.920,UNASSIGNED (NDA)
C26R06,3.240,-15.980,UNASSIGNED (NDA)
C26R08,3.240,-15.040,UNASSIGNED (NDA)
C26R10,3.240,-14.100,UNASSIGNED (NDA)
C26R12,3.240,-13.160,UNASSIGNED (NDA)
C26R14,3.240,-12.220,UNASSIGNED (NDA)
C26R16,3.240,-11.280,UNASSIGNED (NDA)
C26R18,3.240,-10.340,UNASSIGNED (NDA)
C26R20,3.240,-9.400,UNASSIGNED (NDA)
C26R22,3.240,-8.460,UNASSIGNED (NDA)
C26R24,3.240,-7.520,UNASSIGNED (NDA)
C26R26,3.240,-6.580,UNASSIGNED (NDA)
C26R28,3.240,-5.640,UNASSIGNED (NDA)
C26R30,3.240,-4.700,UNASSIGNED (NDA)
C26R50,3.240,4.700,UNASSIGNED (NDA)
C26R52,3.240,5.640,UNASSIGNED (NDA)
C26R54,3.240,6.580,UNASSIGNED (NDA)
C26R56,3.240,7.520,UNASSIGNED (NDA)
C26R58,3.240,8.460,UNASSIGNED (NDA)
C26R60,3.240,9.400,UNASSIGNED (NDA)
C26R62,3.240,10.340,UNASSIGNED (NDA)
C26R64,3.240,11.280,UNASSIGNED (NDA)
C26R66,3.240,12.220,UNASSIGNED (NDA)
C26R68,3.240,13.160,UNASSIGNED (NDA)
C26R70,3.240,14.100,UNASSIGNED (NDA)
C26R72,3.240,15.040,UNASSIGNED (NDA)
C26R74,3.240,15.980,UNASSIGNED (NDA)
C26R76,3.240,16.920,UNASSIGNED (NDA)
C26R78,3.240,17.860,UNASSIGNED (NDA)
C26R80,3.240,18.800,UNASSIGNED (NDA)
C27R01,4.050,-18.330,UNASSIGNED (NDA)
C27R03,4.050,-17.390,UNASSIGNED (NDA)
C27R05,4.050,-16.450,UNASSIGNED (NDA)
C27R07,4.050,-15.510,UNASSIGNED (NDA)
C27R09,4.050,-14.570,UNASSIGNED (NDA)
C27R11,4.050,-13.630,UNASSIGNED (NDA)
C27R13,4.050,-12.690,UNASSIGNED (NDA)
C27R15,4.050,-11.750,UNASSIGNED (NDA)
C27R17,4.050,-10.810,UNASSIGNED (NDA)
C27R19,4.050,-9.870,UNASSIGNED (NDA)
C27R21,4.050,-8.930,UNASSIGNED (NDA)
C27R23,4.050,-7.990,UNASSIGNED (NDA)
C27R25,4.050,-7.050,UNASSIGNED (NDA)
C27R27,4.050,-6.110,UNASSIGNED (NDA)
C27R29,4.050,-5.170,UNASSIGNED (NDA)
C27R51,4.050,5.170,UNASSIGNED (NDA)
C27R53,4.050,6.110,UNASSIGNED (NDA)
C27R55,4.050,7.050,UNASSIGNED (NDA)
C27R57,4.050,7.990,UNASSIGNED (NDA)
C27R59,4.050,8.930,UNASSIGNED (NDA)
C27R61,4.050,9.870,UNASSIGNED (NDA)
C27R63,4.050,10.810,UNASSIGNED (NDA)
C27R65,4.050,11.750,UNASSIGNED (NDA)
C27R67,4.050,12.690,UNASSIGNED (NDA)
C27R69,4.050,13.630,UNASSIGNED (NDA)
C27R71,4.050,14.570,UNASSIGNED (NDA)
C27R73,4.050,15.510,UNASSIGNED (NDA)
C27R75,4.050,16.450,UNASSIGNED (NDA)
C27R77,4.050,17.390,UNASSIGNED (NDA)
C27R79,4.050,18.330,UNASSIGNED (NDA)
C28R00,4.860,-18.800,UNASSIGNED (NDA)
C28R02,4.860,-17.860,UNASSIGNED (NDA)
C28R04,4.860,-16.920,UNASSIGNED (NDA)
C28R06,4.860,-15.980,UNASSIGNED (NDA)
C28R08,4.860,-15.040,UNASSIGNED (NDA)
C28R10,4.860,-14.100,UNASSIGNED (NDA)
C28R12,4.860,-13.160,UNASSIGNED (NDA)
C28R14,4.860,-12.220,UNASSIGNED (NDA)
C28R16,4.860,-11.280,UNASSIGNED (NDA)
C28R18,4.860,-10.340,UNASSIGNED (NDA)
C28R20,4.860,-9.400,UNASSIGNED (NDA)
C28R22,4.860,-8.460,UNASSIGNED (NDA)
C28R24,4.860,-7.520,UNASSIGNED (NDA)
C28R26,4.860,-6.580,UNASSIGNED (NDA)
C28R28,4.860,-5.640,UNASSIGNED (NDA)
C28R30,4.860,-4.700,UNASSIGNED (NDA)
C28R32,4.860,-3.760,UNASSIGNED (NDA)
C28R34,4.860,-2.820,UNASSIGNED (NDA)
C28R36,4.860,-1.880,UNASSIGNED (NDA)
C28R38,4.860,-0.940,UNASSIGNED (NDA)
C28R40,4.860,0.000,UNASSIGNED (NDA)
C28R42,4.860,0.940,UNASSIGNED (NDA)
C28R44,4.860,1.880,UNASSIGNED (NDA)
C28R46,4.860,2.820,UNASSIGNED (NDA)
C28R48,4.860,3.760,UNASSIGNED (NDA)
C28R50,4.860,4.700,UNASSIGNED (NDA)
C28R52,4.860,5.640,UNASSIGNED (NDA)
C28R54,4.860,6.580,UNASSIGNED (NDA)
C28R56,4.860,7.520,UNASSIGNED (NDA)
C28R58,4.860,8.460,UNASSIGNED (NDA)
C28R60,4.860,9.400,UNASSIGNED (NDA)
C28R62,4.860,10.340,UNASSIGNED (NDA)
C28R64,4.860,11.280,UNASSIGNED (NDA)
C28R66,4.860,12.220,UNASSIGNED (NDA)
C28R68,4.860,13.160,UNASSIGNED (NDA)
C28R70,4.860,14.100,UNASSIGNED (NDA)
C28R72,4.860,15.040,UNASSIGNED (NDA)
C28R74,4.860,15.980,UNASSIGNED (NDA)
C28R76,4.860,16.920,UNASSIGNED (NDA)
C28R78,4.860,17.860,UNASSIGNED (NDA)
C28R80,4.860,18.800,UNASSIGNED (NDA)
C29R01,5.670,-18.330,UNASSIGNED (NDA)
C29R03,5.670,-17.390,UNASSIGNED (NDA)
C29R05,5.670,-16.450,UNASSIGNED (NDA)
C29R07,5.670,-15.510,UNASSIGNED (NDA)
C29R09,5.670,-14.570,UNASSIGNED (NDA)
C29R11,5.670,-13.630,UNASSIGNED (NDA)
C29R13,5.670,-12.690,UNASSIGNED (NDA)
C29R15,5.670,-11.750,UNASSIGNED (NDA)
C29R17,5.670,-10.810,UNASSIGNED (NDA)
C29R19,5.670,-9.870,UNASSIGNED (NDA)
C29R21,5.670,-8.930,UNASSIGNED (NDA)
C29R23,5.670,-7.990,UNASSIGNED (NDA)
C29R25,5.670,-7.050,UNASSIGNED (NDA)
C29R27,5.670,-6.110,UNASSIGNED (NDA)
C29R29,5.670,-5.170,UNASSIGNED (NDA)
C29R31,5.670,-4.230,UNASSIGNED (NDA)
C29R33,5.670,-3.290,UNASSIGNED (NDA)
C29R35,5.670,-2.350,UNASSIGNED (NDA)
C29R37,5.670,-1.410,UNASSIGNED (NDA)
C29R39,5.670,-0.470,UNASSIGNED (NDA)
C29R41,5.670,0.470,UNASSIGNED (NDA)
C29R43,5.670,1.410,UNASSIGNED (NDA)
C29R45,5.670,2.350,UNASSIGNED (NDA)
C29R47,5.670,3.290,UNASSIGNED (NDA)
C29R49,5.670,4.230,UNASSIGNED (NDA)
C29R51,5.670,5.170,UNASSIGNED (NDA)
C29R53,5.670,6.110,UNASSIGNED (NDA)
C29R55,5.670,7.050,UNASSIGNED (NDA)
C29R57,5.670,7.990,UNASSIGNED (NDA)
C29R59,5.670,8.930,UNASSIGNED (NDA)
C29R61,5.670,9.870,UNASSIGNED (NDA)
C29R63,5.670,10.810,UNASSIGNED (NDA)
C29R65,5.670,11.750,UNASSIGNED (NDA)
C29R67,5.670,12.690,UNASSIGNED (NDA)
C29R69,5.670,13.630,UNASSIGNED (NDA)
C29R71,5.670,14.570,UNASSIGNED (NDA)
C29R73,5.670,15.510,UNASSIGNED (NDA)
C29R75,5.670,16.450,UNASSIGNED (NDA)
C29R77,5.670,17.390,UNASSIGNED (NDA)
C29R79,5.670,18.330,UNASSIGNED (NDA)
C30R00,6.480,-18.800,UNASSIGNED (NDA)
C30R02,6.480,-17.860,UNASSIGNED (NDA)
C30R04,6.480,-16.920,UNASSIGNED (NDA)
C30R06,6.480,-15.980,UNASSIGNED (NDA)
C30R08,6.480,-15.040,UNASSIGNED (NDA)
C30R10,6.480,-14.100,UNASSIGNED (NDA)
C30R12,6.480,-13.160,UNASSIGNED (NDA)
C30R14,6.480,-12.220,UNASSIGNED (NDA)
C30R16,6.480,-11.280,UNASSIGNED (NDA)
C30R18,6.480,-10.340,UNASSIGNED (NDA)
C30R20,6.480,-9.400,UNASSIGNED (NDA)
C30R22,6.480,-8.460,UNASSIGNED (NDA)
C30R24,6.480,-7.520,UNASSIGNED (NDA)
C30R26,6.480,-6.580,UNASSIGNED (NDA)
C30R28,6.480,-5.640,UNASSIGNED (NDA)
C30R30,6.480,-4.700,UNASSIGNED (NDA)
C30R32,6.480,-3.760,UNASSIGNED (NDA)
C30R34,6.480,-2.820,UNASSIGNED (NDA)
C30R36,6.480,-1.880,UNASSIGNED (NDA)
C30R38,6.480,-0.940,UNASSIGNED (NDA)
C30R40,6.480,0.000,UNASSIGNED (NDA)
C30R42,6.480,0.940,UNASSIGNED (NDA)
C30R44,6.480,1.880,UNASSIGNED (NDA)
C30R46,6.480,2.820,UNASSIGNED (NDA)
C30R48,6.480,3.760,UNASSIGNED (NDA)
C30R50,6.480,4.700,UNASSIGNED (NDA)
C30R52,6.480,5.640,UNASSIGNED (NDA)
C30R54,6.480,6.580,UNASSIGNED (NDA)
C30R56,6.480,7.520,UNASSIGNED (NDA)
C30R58,6.480,8.460,UNASSIGNED (NDA)
C30R60,6.480,9.400,UNASSIGNED (NDA)
C30R62,6.480,10.340,UNASSIGNED (NDA)
C30R64,6.480,11.280,UNASSIGNED (NDA)
C30R66,6.480,12.220,UNASSIGNED (NDA)
C30R68,6.480,13.160,UNASSIGNED (NDA)
C30R70,6.480,14.100,UNASSIGNED (NDA)
C30R72,6.480,15.040,UNASSIGNED (NDA)
C30R74,6.480,15.980,UNASSIGNED (NDA)
C30R76,6.480,16.920,UNASSIGNED (NDA)
C30R78,6.480,17.860,UNASSIGNED (NDA)
C30R80,6.480,18.800,UNASSIGNED (NDA)
C31R01,7.290,-18.330,UNASSIGNED (NDA)
C31R03,7.290,-17.390,UNASSIGNED (NDA)
C31R05,7.290,-16.450,UNASSIGNED (NDA)
C31R07,7.290,-15.510,UNASSIGNED (NDA)
C31R09,7.290,-14.570,UNASSIGNED (NDA)
C31R11,7.290,-13.630,UNASSIGNED (NDA)
C31R13,7.290,-12.690,UNASSIGNED (NDA)
C31R15,7.290,-11.750,UNASSIGNED (NDA)
C31R17,7.290,-10.810,UNASSIGNED (NDA)
C31R19,7.290,-9.870,UNASSIGNED (NDA)
C31R21,7.290,-8.930,UNASSIGNED (NDA)
C31R23,7.290,-7.990,UNASSIGNED (NDA)
C31R25,7.290,-7.050,UNASSIGNED (NDA)
C31R27,7.290,-6.110,UNASSIGNED (NDA)
C31R29,7.290,-5.170,UNASSIGNED (NDA)
C31R31,7.290,-4.230,UNASSIGNED (NDA)
C31R33,7.290,-3.290,UNASSIGNED (NDA)
C31R35,7.290,-2.350,UNASSIGNED (NDA)
C31R37,7.290,-1.410,UNASSIGNED (NDA)
C31R39,7.290,-0.470,UNASSIGNED (NDA)
C31R41,7.290,0.470,UNASSIGNED (NDA)
C31R43,7.290,1.410,UNASSIGNED (NDA)
C31R45,7.290,2.350,UNASSIGNED (NDA)
C31R47,7.290,3.290,UNASSIGNED (NDA)
C31R49,7.290,4.230,UNASSIGNED (NDA)
C31R51,7.290,5.170,UNASSIGNED (NDA)
C31R53,7.290,6.110,UNASSIGNED (NDA)
C31R55,7.290,7.050,UNASSIGNED (NDA)
C31R57,7.290,7.990,UNASSIGNED (NDA)
C31R59,7.290,8.930,UNASSIGNED (NDA)
C31R61,7.290,9.870,UNASSIGNED (NDA)
C31R63,7.290,10.810,UNASSIGNED (NDA)
C31R65,7.290,11.750,UNASSIGNED (NDA)
C31R67,7.290,12.690,UNASSIGNED (NDA)
C31R69,7.290,13.630,UNASSIGNED (NDA)
C31R71,7.290,14.570,UNASSIGNED (NDA)
C31R73,7.290,15.510,UNASSIGNED (NDA)
C31R75,7.290,16.450,UNASSIGNED (NDA)
C31R77,7.290,17.390,UNASSIGNED (NDA)
C31R79,7.290,18.330,UNASSIGNED (NDA)
C32R00,8.100,-18.800,UNASSIGNED (NDA)
C32R02,8.100,-17.860,UNASSIGNED (NDA)
C32R04,8.100,-16.920,UNASSIGNED (NDA)
C32R06,8.100,-15.980,UNASSIGNED (NDA)
C32R08,8.100,-15.040,UNASSIGNED (NDA)
C32R10,8.100,-14.100,UNASSIGNED (NDA)
C32R12,8.100,-13.160,UNASSIGNED (NDA)
C32R14,8.100,-12.220,UNASSIGNED (NDA)
C32R16,8.100,-11.280,UNASSIGNED (NDA)
C32R18,8.100,-10.340,UNASSIGNED (NDA)
C32R20,8.100,-9.400,UNASSIGNED (NDA)
C32R22,8.100,-8.460,UNASSIGNED (NDA)
C32R24,8.100,-7.520,UNASSIGNED (NDA)
C32R26,8.100,-6.580,UNASSIGNED (NDA)
C32R28,8.100,-5.640,UNASSIGNED (NDA)
C32R30,8.100,-4.700,UNASSIGNED (NDA)
C32R32,8.100,-3.760,UNASSIGNED (NDA)
C32R34,8.100,-2.820,UNASSIGNED (NDA)
C32R36,8.100,-1.880,UNASSIGNED (NDA)
C32R38,8.100,-0.940,UNASSIGNED (NDA)
C32R40,8.100,0.000,UNASSIGNED (NDA)
C32R42,8.100,0.940,UNASSIGNED (NDA)
C32R44,8.100,1.880,UNASSIGNED (NDA)
C32R46,8.100,2.820,UNASSIGNED (NDA)
C32R48,8.100,3.760,UNASSIGNED (NDA)
C32R50,8.100,4.700,UNASSIGNED (NDA)
C32R52,8.100,5.640,UNASSIGNED (NDA)
C32R54,8.100,6.580,UNASSIGNED (NDA)
C32R56,8.100,7.520,UNASSIGNED (NDA)
C32R58,8.100,8.460,UNASSIGNED (NDA)
C32R60,8.100,9.400,UNASSIGNED (NDA)
C32R62,8.100,10.340,UNASSIGNED (NDA)
C32R64,8.100,11.280,UNASSIGNED (NDA)
C32R66,8.100,12.220,UNASSIGNED (NDA)
C32R68,8.100,13.160,UNASSIGNED (NDA)
C32R70,8.100,14.100,UNASSIGNED (NDA)
C32R72,8.100,15.040,UNASSIGNED (NDA)
C32R74,8.100,15.980,UNASSIGNED (NDA)
C32R76,8.100,16.920,UNASSIGNED (NDA)
C32R78,8.100,17.860,UNASSIGNED (NDA)
C32R80,8.100,18.800,UNASSIGNED (NDA)
C33R01,8.910,-18.330,UNASSIGNED (NDA)
C33R03,8.910,-17.390,UNASSIGNED (NDA)
C33R05,8.910,-16.450,UNASSIGNED (NDA)
C33R07,8.910,-15.510,UNASSIGNED (NDA)
C33R09,8.910,-14.570,UNASSIGNED (NDA)
C33R11,8.910,-13.630,UNASSIGNED (NDA)
C33R13,8.910,-12.690,UNASSIGNED (NDA)
C33R15,8.910,-11.750,UNASSIGNED (NDA)
C33R17,8.910,-10.810,UNASSIGNED (NDA)
C33R19,8.910,-9.870,UNASSIGNED (NDA)
C33R21,8.910,-8.930,UNASSIGNED (NDA)
C33R23,8.910,-7.990,UNASSIGNED (NDA)
C33R25,8.910,-7.050,UNASSIGNED (NDA)
C33R27,8.910,-6.110,UNASSIGNED (NDA)
C33R29,8.910,-5.170,UNASSIGNED (NDA)
C33R31,8.910,-4.230,UNASSIGNED (NDA)
C33R33,8.910,-3.290,UNASSIGNED (NDA)
C33R35,8.910,-2.350,UNASSIGNED (NDA)
C33R37,8.910,-1.410,UNASSIGNED (NDA)
C33R39,8.910,-0.470,UNASSIGNED (NDA)
C33R41,8.910,0.470,UNASSIGNED (NDA)
C33R43,8.910,1.410,UNASSIGNED (NDA)
C33R45,8.910,2.350,UNASSIGNED (NDA)
C33R47,8.910,3.290,UNASSIGNED (NDA)
C33R49,8.910,4.230,UNASSIGNED (NDA)
C33R51,8.910,5.170,UNASSIGNED (NDA)
C33R53,8.910,6.110,UNASSIGNED (NDA)
C33R55,8.910,7.050,UNASSIGNED (NDA)
C33R57,8.910,7.990,UNASSIGNED (NDA)
C33R59,8.910,8.930,UNASSIGNED (NDA)
C33R61,8.910,9.870,UNASSIGNED (NDA)
C33R63,8.910,10.810,UNASSIGNED (NDA)
C33R65,8.910,11.750,UNASSIGNED (NDA)
C33R67,8.910,12.690,UNASSIGNED (NDA)
C33R69,8.910,13.630,UNASSIGNED (NDA)
C33R71,8.910,14.570,UNASSIGNED (NDA)
C33R73,8.910,15.510,UNASSIGNED (NDA)
C33R75,8.910,16.450,UNASSIGNED (NDA)
C33R77,8.910,17.390,UNASSIGNED (NDA)
C33R79,8.910,18.330,UNASSIGNED (NDA)
C34R00,9.720,-18.800,UNASSIGNED (NDA)
C34R02,9.720,-17.860,UNASSIGNED (NDA)
C34R04,9.720,-16.920,UNASSIGNED (NDA)
C34R06,9.720,-15.980,UNASSIGNED (NDA)
C34R08,9.720,-15.040,UNASSIGNED (NDA)
C34R10,9.720,-14.100,UNASSIGNED (NDA)
C34R12,9.720,-13.160,UNASSIGNED (NDA)
C34R14,9.720,-12.220,UNASSIGNED (NDA)
C34R16,9.720,-11.280,UNASSIGNED (NDA)
C34R18,9.720,-10.340,UNASSIGNED (NDA)
C34R20,9.720,-9.400,UNASSIGNED (NDA)
C34R22,9.720,-8.460,UNASSIGNED (NDA)
C34R24,9.720,-7.520,UNASSIGNED (NDA)
C34R26,9.720,-6.580,UNASSIGNED (NDA)
C34R28,9.720,-5.640,UNASSIGNED (NDA)
C34R30,9.720,-4.700,UNASSIGNED (NDA)
C34R32,9.720,-3.760,UNASSIGNED (NDA)
C34R34,9.720,-2.820,UNASSIGNED (NDA)
C34R36,9.720,-1.880,UNASSIGNED (NDA)
C34R38,9.720,-0.940,UNASSIGNED (NDA)
C34R40,9.720,0.000,UNASSIGNED (NDA)
C34R42,9.720,0.940,UNASSIGNED (NDA)
C34R44,9.720,1.880,UNASSIGNED (NDA)
C34R46,9.720,2.820,UNASSIGNED (NDA)
C34R48,9.720,3.760,UNASSIGNED (NDA)
C34R50,9.720,4.700,UNASSIGNED (NDA)
C34R52,9.720,5.640,UNASSIGNED (NDA)
C34R54,9.720,6.580,UNASSIGNED (NDA)
C34R56,9.720,7.520,UNASSIGNED (NDA)
C34R58,9.720,8.460,UNASSIGNED (NDA)
C34R60,9.720,9.400,UNASSIGNED (NDA)
C34R62,9.720,10.340,UNASSIGNED (NDA)
C34R64,9.720,11.280,UNASSIGNED (NDA)
C34R66,9.720,12.220,UNASSIGNED (NDA)
C34R68,9.720,13.160,UNASSIGNED (NDA)
C34R70,9.720,14.100,UNASSIGNED (NDA)
C34R72,9.720,15.040,UNASSIGNED (NDA)
C34R74,9.720,15.980,UNASSIGNED (NDA)
C34R76,9.720,16.920,UNASSIGNED (NDA)
C34R78,9.720,17.860,UNASSIGNED (NDA)
C34R80,9.720,18.800,UNASSIGNED (NDA)
C35R01,10.530,-18.330,UNASSIGNED (NDA)
C35R03,10.530,-17.390,UNASSIGNED (NDA)
C35R05,10.530,-16.450,UNASSIGNED (NDA)
C35R07,10.530,-15.510,UNASSIGNED (NDA)
C35R09,10.530,-14.570,UNASSIGNED (NDA)
C35R11,10.530,-13.630,UNASSIGNED (NDA)
C35R13,10.530,-12.690,UNASSIGNED (NDA)
C35R15,10.530,-11.750,UNASSIGNED (NDA)
C35R17,10.530,-10.810,UNASSIGNED (NDA)
C35R19,10.530,-9.870,UNASSIGNED (NDA)
C35R21,10.530,-8.930,UNASSIGNED (NDA)
C35R23,10.530,-7.990,UNASSIGNED (NDA)
C35R25,10.530,-7.050,UNASSIGNED (NDA)
C35R27,10.530,-6.110,UNASSIGNED (NDA)
C35R29,10.530,-5.170,UNASSIGNED (NDA)
C35R31,10.530,-4.230,UNASSIGNED (NDA)
C35R33,10.530,-3.290,UNASSIGNED (NDA)
C35R35,10.530,-2.350,UNASSIGNED (NDA)
C35R37,10.530,-1.410,UNASSIGNED (NDA)
C35R39,10.530,-0.470,UNASSIGNED (NDA)
C35R41,10.530,0.470,UNASSIGNED (NDA)
C35R43,10.530,1.410,UNASSIGNED (NDA)
C35R45,10.530,2.350,UNASSIGNED (NDA)
C35R47,10.530,3.290,UNASSIGNED (NDA)
C35R49,10.530,4.230,UNASSIGNED (NDA)
C35R51,10.530,5.170,UNASSIGNED (NDA)
C35R53,10.530,6.110,UNASSIGNED (NDA)
C35R55,10.530,7.050,UNASSIGNED (NDA)
C35R57,10.530,7.990,UNASSIGNED (NDA)
C35R59,10.530,8.930,UNASSIGNED (NDA)
C35R61,10.530,9.870,UNASSIGNED (NDA)
C35R63,10.530,10.810,UNASSIGNED (NDA)
C35R65,10.530,11.750,UNASSIGNED (NDA)
C35R67,10.530,12.690,UNASSIGNED (NDA)
C35R69,10.530,13.630,UNASSIGNED (NDA)
C35R71,10.530,14.570,UNASSIGNED (NDA)
C35R73,10.530,15.510,UNASSIGNED (NDA)
C35R75,10.530,16.450,UNASSIGNED (NDA)
C35R77,10.530,17.390,UNASSIGNED (NDA)
C35R79,10.530,18.330,UNASSIGNED (NDA)
C36R00,11.340,-18.800,UNASSIGNED (NDA)
C36R02,11.340,-17.860,UNASSIGNED (NDA)
C36R04,11.340,-16.920,UNASSIGNED (NDA)
C36R06,11.340,-15.980,UNASSIGNED (NDA)
C36R08,11.340,-15.040,UNASSIGNED (NDA)
C36R10,11.340,-14.100,UNASSIGNED (NDA)
C36R12,11.340,-13.160,UNASSIGNED (NDA)
C36R14,11.340,-12.220,UNASSIGNED (NDA)
C36R16,11.340,-11.280,UNASSIGNED (NDA)
C36R18,11.340,-10.340,UNASSIGNED (NDA)
C36R20,11.340,-9.400,UNASSIGNED (NDA)
C36R22,11.340,-8.460,UNASSIGNED (NDA)
C36R24,11.340,-7.520,UNASSIGNED (NDA)
C36R26,11.340,-6.580,UNASSIGNED (NDA)
C36R28,11.340,-5.640,UNASSIGNED (NDA)
C36R30,11.340,-4.700,UNASSIGNED (NDA)
C36R32,11.340,-3.760,UNASSIGNED (NDA)
C36R34,11.340,-2.820,UNASSIGNED (NDA)
C36R36,11.340,-1.880,UNASSIGNED (NDA)
C36R38,11.340,-0.940,UNASSIGNED (NDA)
C36R40,11.340,0.000,UNASSIGNED (NDA)
C36R42,11.340,0.940,UNASSIGNED (NDA)
C36R44,11.340,1.880,UNASSIGNED (NDA)
C36R46,11.340,2.820,UNASSIGNED (NDA)
C36R48,11.340,3.760,UNASSIGNED (NDA)
C36R50,11.340,4.700,UNASSIGNED (NDA)
C36R52,11.340,5.640,UNASSIGNED (NDA)
C36R54,11.340,6.580,UNASSIGNED (NDA)
C36R56,11.340,7.520,UNASSIGNED (NDA)
C36R58,11.340,8.460,UNASSIGNED (NDA)
C36R60,11.340,9.400,UNASSIGNED (NDA)
C36R62,11.340,10.340,UNASSIGNED (NDA)
C36R64,11.340,11.280,UNASSIGNED (NDA)
C36R66,11.340,12.220,UNASSIGNED (NDA)
C36R68,11.340,13.160,UNASSIGNED (NDA)
C36R70,11.340,14.100,UNASSIGNED (NDA)
C36R72,11.340,15.040,UNASSIGNED (NDA)
C36R74,11.340,15.980,UNASSIGNED (NDA)
C36R76,11.340,16.920,UNASSIGNED (NDA)
C36R78,11.340,17.860,UNASSIGNED (NDA)
C36R80,11.340,18.800,UNASSIGNED (NDA)
C37R01,12.150,-18.330,UNASSIGNED (NDA)
C37R03,12.150,-17.390,UNASSIGNED (NDA)
C37R05,12.150,-16.450,UNASSIGNED (NDA)
C37R07,12.150,-15.510,UNASSIGNED (NDA)
C37R09,12.150,-14.570,UNASSIGNED (NDA)
C37R11,12.150,-13.630,UNASSIGNED (NDA)
C37R13,12.150,-12.690,UNASSIGNED (NDA)
C37R15,12.150,-11.750,UNASSIGNED (NDA)
C37R17,12.150,-10.810,UNASSIGNED (NDA)
C37R19,12.150,-9.870,UNASSIGNED (NDA)
C37R21,12.150,-8.930,UNASSIGNED (NDA)
C37R23,12.150,-7.990,UNASSIGNED (NDA)
C37R25,12.150,-7.050,UNASSIGNED (NDA)
C37R27,12.150,-6.110,UNASSIGNED (NDA)
C37R29,12.150,-5.170,UNASSIGNED (NDA)
C37R31,12.150,-4.230,UNASSIGNED (NDA)
C37R33,12.150,-3.290,UNASSIGNED (NDA)
C37R35,12.150,-2.350,UNASSIGNED (NDA)
C37R37,12.150,-1.410,UNASSIGNED (NDA)
C37R39,12.150,-0.470,UNASSIGNED (NDA)
C37R41,12.150,0.470,UNASSIGNED (NDA)
C37R43,12.150,1.410,UNASSIGNED (NDA)
C37R45,12.150,2.350,UNASSIGNED (NDA)
C37R47,12.150,3.290,UNASSIGNED (NDA)
C37R49,12.150,4.230,UNASSIGNED (NDA)
C37R51,12.150,5.170,UNASSIGNED (NDA)
C37R53,12.150,6.110,UNASSIGNED (NDA)
C37R55,12.150,7.050,UNASSIGNED (NDA)
C37R57,12.150,7.990,UNASSIGNED (NDA)
C37R59,12.150,8.930,UNASSIGNED (NDA)
C37R61,12.150,9.870,UNASSIGNED (NDA)
C37R63,12.150,10.810,UNASSIGNED (NDA)
C37R65,12.150,11.750,UNASSIGNED (NDA)
C37R67,12.150,12.690,UNASSIGNED (NDA)
C37R69,12.150,13.630,UNASSIGNED (NDA)
C37R71,12.150,14.570,UNASSIGNED (NDA)
C37R73,12.150,15.510,UNASSIGNED (NDA)
C37R75,12.150,16.450,UNASSIGNED (NDA)
C37R77,12.150,17.390,UNASSIGNED (NDA)
C37R79,12.150,18.330,UNASSIGNED (NDA)
C38R00,12.960,-18.800,UNASSIGNED (NDA)
C38R02,12.960,-17.860,UNASSIGNED (NDA)
C38R04,12.960,-16.920,UNASSIGNED (NDA)
C38R06,12.960,-15.980,UNASSIGNED (NDA)
C38R08,12.960,-15.040,UNASSIGNED (NDA)
C38R10,12.960,-14.100,UNASSIGNED (NDA)
C38R12,12.960,-13.160,UNASSIGNED (NDA)
C38R14,12.960,-12.220,UNASSIGNED (NDA)
C38R16,12.960,-11.280,UNASSIGNED (NDA)
C38R18,12.960,-10.340,UNASSIGNED (NDA)
C38R20,12.960,-9.400,UNASSIGNED (NDA)
C38R22,12.960,-8.460,UNASSIGNED (NDA)
C38R24,12.960,-7.520,UNASSIGNED (NDA)
C38R26,12.960,-6.580,UNASSIGNED (NDA)
C38R28,12.960,-5.640,UNASSIGNED (NDA)
C38R30,12.960,-4.700,UNASSIGNED (NDA)
C38R32,12.960,-3.760,UNASSIGNED (NDA)
C38R34,12.960,-2.820,UNASSIGNED (NDA)
C38R36,12.960,-1.880,UNASSIGNED (NDA)
C38R38,12.960,-0.940,UNASSIGNED (NDA)
C38R40,12.960,0.000,UNASSIGNED (NDA)
C38R42,12.960,0.940,UNASSIGNED (NDA)
C38R44,12.960,1.880,UNASSIGNED (NDA)
C38R46,12.960,2.820,UNASSIGNED (NDA)
C38R48,12.960,3.760,UNASSIGNED (NDA)
C38R50,12.960,4.700,UNASSIGNED (NDA)
C38R52,12.960,5.640,UNASSIGNED (NDA)
C38R54,12.960,6.580,UNASSIGNED (NDA)
C38R56,12.960,7.520,UNASSIGNED (NDA)
C38R58,12.960,8.460,UNASSIGNED (NDA)
C38R60,12.960,9.400,UNASSIGNED (NDA)
C38R62,12.960,10.340,UNASSIGNED (NDA)
C38R64,12.960,11.280,UNASSIGNED (NDA)
C38R66,12.960,12.220,UNASSIGNED (NDA)
C38R68,12.960,13.160,UNASSIGNED (NDA)
C38R70,12.960,14.100,UNASSIGNED (NDA)
C38R72,12.960,15.040,UNASSIGNED (NDA)
C38R74,12.960,15.980,UNASSIGNED (NDA)
C38R76,12.960,16.920,UNASSIGNED (NDA)
C38R78,12.960,17.860,UNASSIGNED (NDA)
C38R80,12.960,18.800,UNASSIGNED (NDA)
C39R01,13.770,-18.330,UNASSIGNED (NDA)
C39R03,13.770,-17.390,UNASSIGNED (NDA)
C39R05,13.770,-16.450,UNASSIGNED (NDA)
C39R07,13.770,-15.510,UNASSIGNED (NDA)
C39R09,13.770,-14.570,UNASSIGNED (NDA)
C39R11,13.770,-13.630,UNASSIGNED (NDA)
C39R13,13.770,-12.690,UNASSIGNED (NDA)
C39R15,13.770,-11.750,UNASSIGNED (NDA)
C39R17,13.770,-10.810,UNASSIGNED (NDA)
C39R19,13.770,-9.870,UNASSIGNED (NDA)
C39R21,13.770,-8.930,UNASSIGNED (NDA)
C39R23,13.770,-7.990,UNASSIGNED (NDA)
C39R25,13.770,-7.050,UNASSIGNED (NDA)
C39R27,13.770,-6.110,UNASSIGNED (NDA)
C39R29,13.770,-5.170,UNASSIGNED (NDA)
C39R31,13.770,-4.230,UNASSIGNED (NDA)
C39R33,13.770,-3.290,UNASSIGNED (NDA)
C39R35,13.770,-2.350,UNASSIGNED (NDA)
C39R37,13.770,-1.410,UNASSIGNED (NDA)
C39R39,13.770,-0.470,UNASSIGNED (NDA)
C39R41,13.770,0.470,UNASSIGNED (NDA)
C39R43,13.770,1.410,UNASSIGNED (NDA)
C39R45,13.770,2.350,UNASSIGNED (NDA)
C39R47,13.770,3.290,UNASSIGNED (NDA)
C39R49,13.770,4.230,UNASSIGNED (NDA)
C39R51,13.770,5.170,UNASSIGNED (NDA)
C39R53,13.770,6.110,UNASSIGNED (NDA)
C39R55,13.770,7.050,UNASSIGNED (NDA)
C39R57,13.770,7.990,UNASSIGNED (NDA)
C39R59,13.770,8.930,UNASSIGNED (NDA)
C39R61,13.770,9.870,UNASSIGNED (NDA)
C39R63,13.770,10.810,UNASSIGNED (NDA)
C39R65,13.770,11.750,UNASSIGNED (NDA)
C39R67,13.770,12.690,UNASSIGNED (NDA)
C39R69,13.770,13.630,UNASSIGNED (NDA)
C39R71,13.770,14.570,UNASSIGNED (NDA)
C39R73,13.770,15.510,UNASSIGNED (NDA)
C39R75,13.770,16.450,UNASSIGNED (NDA)
C39R77,13.770,17.390,UNASSIGNED (NDA)
C39R79,13.770,18.330,UNASSIGNED (NDA)
C40R00,14.580,-18.800,UNASSIGNED (NDA)
C40R02,14.580,-17.860,UNASSIGNED (NDA)
C40R04,14.580,-16.920,UNASSIGNED (NDA)
C40R06,14.580,-15.980,UNASSIGNED (NDA)
C40R08,14.580,-15.040,UNASSIGNED (NDA)
C40R10,14.580,-14.100,UNASSIGNED (NDA)
C40R12,14.580,-13.160,UNASSIGNED (NDA)
C40R14,14.580,-12.220,UNASSIGNED (NDA)
C40R16,14.580,-11.280,UNASSIGNED (NDA)
C40R18,14.580,-10.340,UNASSIGNED (NDA)
C40R20,14.580,-9.400,UNASSIGNED (NDA)
C40R22,14.580,-8.460,UNASSIGNED (NDA)
C40R24,14.580,-7.520,UNASSIGNED (NDA)
C40R26,14.580,-6.580,UNASSIGNED (NDA)
C40R28,14.580,-5.640,UNASSIGNED (NDA)
C40R30,14.580,-4.700,UNASSIGNED (NDA)
C40R32,14.580,-3.760,UNASSIGNED (NDA)
C40R34,14.580,-2.820,UNASSIGNED (NDA)
C40R36,14.580,-1.880,UNASSIGNED (NDA)
C40R38,14.580,-0.940,UNASSIGNED (NDA)
C40R40,14.580,0.000,UNASSIGNED (NDA)
C40R42,14.580,0.940,UNASSIGNED (NDA)
C40R44,14.580,1.880,UNASSIGNED (NDA)
C40R46,14.580,2.820,UNASSIGNED (NDA)
C40R48,14.580,3.760,UNASSIGNED (NDA)
C40R50,14.580,4.700,UNASSIGNED (NDA)
C40R52,14.580,5.640,UNASSIGNED (NDA)
C40R54,14.580,6.580,UNASSIGNED (NDA)
C40R56,14.580,7.520,UNASSIGNED (NDA)
C40R58,14.580,8.460,UNASSIGNED (NDA)
C40R60,14.580,9.400,UNASSIGNED (NDA)
C40R62,14.580,10.340,UNASSIGNED (NDA)
C40R64,14.580,11.280,UNASSIGNED (NDA)
C40R66,14.580,12.220,UNASSIGNED (NDA)
C40R68,14.580,13.160,UNASSIGNED (NDA)
C40R70,14.580,14.100,UNASSIGNED (NDA)
C40R72,14.580,15.040,UNASSIGNED (NDA)
C40R74,14.580,15.980,UNASSIGNED (NDA)
C40R76,14.580,16.920,UNASSIGNED (NDA)
C40R78,14.580,17.860,UNASSIGNED (NDA)
C40R80,14.580,18.800,UNASSIGNED (NDA)
C41R01,15.390,-18.330,UNASSIGNED (NDA)
C41R03,15.390,-17.390,UNASSIGNED (NDA)
C41R05,15.390,-16.450,UNASSIGNED (NDA)
C41R07,15.390,-15.510,UNASSIGNED (NDA)
C41R09,15.390,-14.570,UNASSIGNED (NDA)
C41R11,15.390,-13.630,UNASSIGNED (NDA)
C41R13,15.390,-12.690,UNASSIGNED (NDA)
C41R15,15.390,-11.750,UNASSIGNED (NDA)
C41R17,15.390,-10.810,UNASSIGNED (NDA)
C41R19,15.390,-9.870,UNASSIGNED (NDA)
C41R21,15.390,-8.930,UNASSIGNED (NDA)
C41R23,15.390,-7.990,UNASSIGNED (NDA)
C41R25,15.390,-7.050,UNASSIGNED (NDA)
C41R27,15.390,-6.110,UNASSIGNED (NDA)
C41R29,15.390,-5.170,UNASSIGNED (NDA)
C41R31,15.390,-4.230,UNASSIGNED (NDA)
C41R33,15.390,-3.290,UNASSIGNED (NDA)
C41R35,15.390,-2.350,UNASSIGNED (NDA)
C41R37,15.390,-1.410,UNASSIGNED (NDA)
C41R39,15.390,-0.470,UNASSIGNED (NDA)
C41R41,15.390,0.470,UNASSIGNED (NDA)
C41R43,15.390,1.410,UNASSIGNED (NDA)
C41R45,15.390,2.350,UNASSIGNED (NDA)
C41R47,15.390,3.290,UNASSIGNED (NDA)
C41R49,15.390,4.230,UNASSIGNED (NDA)
C41R51,15.390,5.170,UNASSIGNED (NDA)
C41R53,15.390,6.110,UNASSIGNED (NDA)
C41R55,15.390,7.050,UNASSIGNED (NDA)
C41R57,15.390,7.990,UNASSIGNED (NDA)
C41R59,15.390,8.930,UNASSIGNED (NDA)
C41R61,15.390,9.870,UNASSIGNED (NDA)
C41R63,15.390,10.810,UNASSIGNED (NDA)
C41R65,15.390,11.750,UNASSIGNED (NDA)
C41R67,15.390,12.690,UNASSIGNED (NDA)
C41R69,15.390,13.630,UNASSIGNED (NDA)
C41R71,15.390,14.570,UNASSIGNED (NDA)
C41R73,15.390,15.510,UNASSIGNED (NDA)
C41R75,15.390,16.450,UNASSIGNED (NDA)
C41R77,15.390,17.390,UNASSIGNED (NDA)
C41R79,15.390,18.330,UNASSIGNED (NDA)
C42R00,16.200,-18.800,UNASSIGNED (NDA)
C42R02,16.200,-17.860,UNASSIGNED (NDA)
C42R04,16.200,-16.920,UNASSIGNED (NDA)
C42R06,16.200,-15.980,UNASSIGNED (NDA)
C42R08,16.200,-15.040,UNASSIGNED (NDA)
C42R10,16.200,-14.100,UNASSIGNED (NDA)
C42R12,16.200,-13.160,UNASSIGNED (NDA)
C42R14,16.200,-12.220,UNASSIGNED (NDA)
C42R16,16.200,-11.280,UNASSIGNED (NDA)
C42R18,16.200,-10.340,UNASSIGNED (NDA)
C42R20,16.200,-9.400,UNASSIGNED (NDA)
C42R22,16.200,-8.460,UNASSIGNED (NDA)
C42R24,16.200,-7.520,UNASSIGNED (NDA)
C42R26,16.200,-6.580,UNASSIGNED (NDA)
C42R28,16.200,-5.640,UNASSIGNED (NDA)
C42R30,16.200,-4.700,UNASSIGNED (NDA)
C42R32,16.200,-3.760,UNASSIGNED (NDA)
C42R34,16.200,-2.820,UNASSIGNED (NDA)
C42R36,16.200,-1.880,UNASSIGNED (NDA)
C42R38,16.200,-0.940,UNASSIGNED (NDA)
C42R40,16.200,0.000,UNASSIGNED (NDA)
C42R42,16.200,0.940,UNASSIGNED (NDA)
C42R44,16.200,1.880,UNASSIGNED (NDA)
C42R46,16.200,2.820,UNASSIGNED (NDA)
C42R48,16.200,3.760,UNASSIGNED (NDA)
C42R50,16.200,4.700,UNASSIGNED (NDA)
C42R52,16.200,5.640,UNASSIGNED (NDA)
C42R54,16.200,6.580,UNASSIGNED (NDA)
C42R56,16.200,7.520,UNASSIGNED (NDA)
C42R58,16.200,8.460,UNASSIGNED (NDA)
C42R60,16.200,9.400,UNASSIGNED (NDA)
C42R62,16.200,10.340,UNASSIGNED (NDA)
C42R64,16.200,11.280,UNASSIGNED (NDA)
C42R66,16.200,12.220,UNASSIGNED (NDA)
C42R68,16.200,13.160,UNASSIGNED (NDA)
C42R70,16.200,14.100,UNASSIGNED (NDA)
C42R72,16.200,15.040,UNASSIGNED (NDA)
C42R74,16.200,15.980,UNASSIGNED (NDA)
C42R76,16.200,16.920,UNASSIGNED (NDA)
C42R78,16.200,17.860,UNASSIGNED (NDA)
C42R80,16.200,18.800,UNASSIGNED (NDA)
C43R01,17.010,-18.330,UNASSIGNED (NDA)
C43R03,17.010,-17.390,UNASSIGNED (NDA)
C43R05,17.010,-16.450,UNASSIGNED (NDA)
C43R07,17.010,-15.510,UNASSIGNED (NDA)
C43R09,17.010,-14.570,UNASSIGNED (NDA)
C43R11,17.010,-13.630,UNASSIGNED (NDA)
C43R13,17.010,-12.690,UNASSIGNED (NDA)
C43R15,17.010,-11.750,UNASSIGNED (NDA)
C43R17,17.010,-10.810,UNASSIGNED (NDA)
C43R19,17.010,-9.870,UNASSIGNED (NDA)
C43R21,17.010,-8.930,UNASSIGNED (NDA)
C43R23,17.010,-7.990,UNASSIGNED (NDA)
C43R25,17.010,-7.050,UNASSIGNED (NDA)
C43R27,17.010,-6.110,UNASSIGNED (NDA)
C43R29,17.010,-5.170,UNASSIGNED (NDA)
C43R31,17.010,-4.230,UNASSIGNED (NDA)
C43R33,17.010,-3.290,UNASSIGNED (NDA)
C43R35,17.010,-2.350,UNASSIGNED (NDA)
C43R37,17.010,-1.410,UNASSIGNED (NDA)
C43R39,17.010,-0.470,UNASSIGNED (NDA)
C43R41,17.010,0.470,UNASSIGNED (NDA)
C43R43,17.010,1.410,UNASSIGNED (NDA)
C43R45,17.010,2.350,UNASSIGNED (NDA)
C43R47,17.010,3.290,UNASSIGNED (NDA)
C43R49,17.010,4.230,UNASSIGNED (NDA)
C43R51,17.010,5.170,UNASSIGNED (NDA)
C43R53,17.010,6.110,UNASSIGNED (NDA)
C43R55,17.010,7.050,UNASSIGNED (NDA)
C43R57,17.010,7.990,UNASSIGNED (NDA)
C43R59,17.010,8.930,UNASSIGNED (NDA)
C43R61,17.010,9.870,UNASSIGNED (NDA)
C43R63,17.010,10.810,UNASSIGNED (NDA)
C43R65,17.010,11.750,UNASSIGNED (NDA)
C43R67,17.010,12.690,UNASSIGNED (NDA)
C43R69,17.010,13.630,UNASSIGNED (NDA)
C43R71,17.010,14.570,UNASSIGNED (NDA)
C43R73,17.010,15.510,UNASSIGNED (NDA)
C43R75,17.010,16.450,UNASSIGNED (NDA)
C43R77,17.010,17.390,UNASSIGNED (NDA)
C43R79,17.010,18.330,UNASSIGNED (NDA)
C44R00,17.820,-18.800,UNASSIGNED (NDA)
C44R02,17.820,-17.860,UNASSIGNED (NDA)
C44R04,17.820,-16.920,UNASSIGNED (NDA)
C44R06,17.820,-15.980,UNASSIGNED (NDA)
C44R08,17.820,-15.040,UNASSIGNED (NDA)
C44R10,17.820,-14.100,UNASSIGNED (NDA)
C44R12,17.820,-13.160,UNASSIGNED (NDA)
C44R14,17.820,-12.220,UNASSIGNED (NDA)
C44R16,17.820,-11.280,UNASSIGNED (NDA)
C44R18,17.820,-10.340,UNASSIGNED (NDA)
C44R20,17.820,-9.400,UNASSIGNED (NDA)
C44R22,17.820,-8.460,UNASSIGNED (NDA)
C44R24,17.820,-7.520,UNASSIGNED (NDA)
C44R26,17.820,-6.580,UNASSIGNED (NDA)
C44R28,17.820,-5.640,UNASSIGNED (NDA)
C44R30,17.820,-4.700,UNASSIGNED (NDA)
C44R32,17.820,-3.760,UNASSIGNED (NDA)
C44R34,17.820,-2.820,UNASSIGNED (NDA)
C44R36,17.820,-1.880,UNASSIGNED (NDA)
C44R38,17.820,-0.940,UNASSIGNED (NDA)
C44R40,17.820,0.000,UNASSIGNED (NDA)
C44R42,17.820,0.940,UNASSIGNED (NDA)
C44R44,17.820,1.880,UNASSIGNED (NDA)
C44R46,17.820,2.820,UNASSIGNED (NDA)
C44R48,17.820,3.760,UNASSIGNED (NDA)
C44R50,17.820,4.700,UNASSIGNED (NDA)
C44R52,17.820,5.640,UNASSIGNED (NDA)
C44R54,17.820,6.580,UNASSIGNED (NDA)
C44R56,17.820,7.520,UNASSIGNED (NDA)
C44R58,17.820,8.460,UNASSIGNED (NDA)
C44R60,17.820,9.400,UNASSIGNED (NDA)
C44R62,17.820,10.340,UNASSIGNED (NDA)
C44R64,17.820,11.280,UNASSIGNED (NDA)
C44R66,17.820,12.220,UNASSIGNED (NDA)
C44R68,17.820,13.160,UNASSIGNED (NDA)
C44R70,17.820,14.100,UNASSIGNED (NDA)
C44R72,17.820,15.040,UNASSIGNED (NDA)
C44R74,17.820,15.980,UNASSIGNED (NDA)
C44R76,17.820,16.920,UNASSIGNED (NDA)
C44R78,17.820,17.860,UNASSIGNED (NDA)
C44R80,17.820,18.800,UNASSIGNED (NDA)
