Designator,Mid X,Mid Y,Layer,Rotation
C1_A1,46.928000mm,-14.800000mm,Top,0.000000
C1_A2,46.928000mm,-26.600001mm,Top,0.000000
C1_A3,46.928000mm,-38.400001mm,Top,0.000000
C1_A4,46.928000mm,-50.200001mm,Top,0.000000
J1_A1,16.400000mm,-12.400000mm,Top,0.000000
J1_A2,16.400000mm,-24.200001mm,Top,0.000000
J1_A3,16.400000mm,-36.000001mm,Top,0.000000
J1_A4,16.400000mm,-47.800001mm,Top,0.000000
J2_A1,39.793000mm,-12.400000mm,Top,0.000000
J2_A2,39.793000mm,-24.200001mm,Top,0.000000
J2_A3,39.793000mm,-36.000001mm,Top,0.000000
J2_A4,39.793000mm,-47.800001mm,Top,0.000000
U1_A1,47.528000mm,-12.400000mm,Top,180.000000
U1_A2,47.528000mm,-24.200001mm,Top,180.000000
U1_A3,47.528000mm,-36.000001mm,Top,180.000000
U1_A4,47.528000mm,-47.800001mm,Top,180.000000
