Comment,Designator,Footprint,LCSC Part #
3.3nF 50V,C1,C_0402_1005Metric,C26404
100nF 50V,"C10,C11,C18,C19,C4,C5",C_0402_1005Metric,C307331
10nF 50V,"C12,C20",C_0402_1005Metric,C15195
1nF 50V,"C13,C21",C_0402_1005Metric,C1523
47pF 50V,"C14,C22",C_0402_1005Metric,C1567
47uF 10V X5R,"C15,C16,C23,C24",C_1206_3216Metric,C96123
10uF 50V X5R,"C17,C9",C_1206_3216Metric,C13585
2.2nF 50V,C2,C_0402_1005Metric,C1531
22uF 25V X5R,"C25,C26,C28,C29",C_0805_2012Metric,C45783
100nF 16V,"C27,C30,C31,C32,C33,C6",C_0402_1005Metric,C1525
22uF 25V X5R,"C3,C7,C8",C_1206_3216Metric,C12891
SS34,"D1,D2",D_SMA,C8678
red 0603,"D3,D4",LED_0603_1608Metric,C2286
RB751V-40,"D5,D6",D_SOD-323,C7502691
"MCIO 124P RA G97R24332HR (J_PCIE, lanes 0-7: x4 slot A + x4 slot B)",J1,MP62_MCIO_124P_RA_SFF-TA-1016,C4867471
SM15B-GHS-TB GH15 RA (J_AUX),J3,JST_GH_SM15B-GHS-TB_1x15-1MP_P1.25mm_Horizontal,C265027
M.2 M-key slot A (LOTES APCI0107-P001A),J5,M2_M-Key_LOTES_APCI0107-P001A,C841661
M.2 M-key slot B (LOTES APCI0107-P001A),J6,M2_M-Key_LOTES_APCI0107-P001A,C841661
6.8uH 4.3A SWPA6045S6R8MT,"L1,L2",L_Sunlord_SWPA6045S,C57254
SMTSO2030CTJ M2 standoff (2280),"MH1,MH2",M2_Standoff_SMTSO2030CTJ_M2_H3.0,C2915627
2N7002,"Q1,Q2,Q3,Q4,Q5,Q6,Q7",SOT-23,C8545
100k,"R1,R12,R15,R20",R_0402_1005Metric,C25741
1.5k 1%,"R10,R7",R_0402_1005Metric,C25867
27k,"R11,R8",R_0402_1005Metric,C25771
10k,"R13,R14,R16,R17",R_0402_1005Metric,C25744
1k,"R18,R19,R4",R_0402_1005Metric,C11702
120k 1%,R2,R_0603_1608Metric,C25808
10k 1%,R3,R_0402_1005Metric,C25744
2mR 1% 2W,R5,R_2512_6332Metric,C160926
4.7k 1%,"R6,R9",R_0402_1005Metric,C25900
TPS259470ARPWR,U1,TI_RPW_VQFN-10_2x2mm_P0.45mm,C3662799
INA238AIDGSR @0x40,U2,VSSOP-10_3x3mm_P0.5mm,C2868250
TPS54331DR,"U3,U4",SOIC-8_3.9x4.9mm_P1.27mm,C9865
TMP1075DGKR @0x48 (THERM_ALERT#),U6,VSSOP-8_3x3mm_P0.65mm,C2864807
"TMP1075DGKR @0x49 (THERM_TRIP#, 80 C POR default)",U7,VSSOP-8_3x3mm_P0.65mm,C2864807
M24C64-RMN6TP @0x50 (FRU / ID),U8,SOIC-8_3.9x4.9mm_P1.27mm,C79988
