land,name,x_intel_mm,y_intel_mm
B42,VCCCORE_VSS_SENSE,-11.588,-16.853
K26,VSSIN_AUX_SENSE,1.212,-10.453
AG51,VCCGT_VSS_SENSE,-20.412,4.053
A10,VSS,14.012,-17.653
A11,VSS,13.212,-17.653
A12,VSS,12.412,-17.653
A13,VSS,11.612,-17.653
A14,VSS,10.812,-17.653
A15,VSS,10.012,-17.653
A16,VSS,9.212,-17.653
A17,VSS,8.412,-17.653
A18,VSS,7.612,-17.653
A19,VSS,6.812,-17.653
A20,VSS,6.012,-17.653
A21,VSS,5.212,-17.653
A22,VSS,4.412,-17.653
A23,VSS,3.612,-17.653
A24,VSS,2.812,-17.653
A25,VSS,2.012,-17.653
A26,VSS,1.212,-17.653
A27,VSS,0.412,-17.653
A28,VSS,-0.388,-17.653
A29,VSS,-1.188,-17.653
A31,VSS,-2.788,-17.653
A33,VSS,-4.388,-17.653
A35,VSS,-5.988,-17.653
A37,VSS,-7.588,-17.653
A39,VSS,-9.188,-17.653
A41,VSS,-10.788,-17.653
A8,VSS,15.612,-17.653
A9,VSS,14.812,-17.653
AA11,VSS,13.212,-1.653
AA3,VSS,19.612,-1.653
AA4,VSS,18.812,-1.653
AA45,VSS,-15.612,-0.747
AA47,VSS,-17.212,-0.747
AA49,VSS,-18.812,-0.747
AA5,VSS,18.012,-1.653
AA51,VSS,-20.412,-0.747
AA6,VSS,17.212,-1.653
AA7,VSS,16.412,-1.653
AA9,VSS,14.812,-1.653
AB1,VSS,21.212,-0.853
AB10,VSS,14.012,-0.853
AB11,VSS,13.212,-0.853
AB4,VSS,18.812,-0.853
AB7,VSS,16.412,-0.853
AB8,VSS,15.612,-0.853
AB9,VSS,14.812,-0.853
AC3,VSS,19.612,-0.053
AC45,VSS,-15.612,0.853
AC47,VSS,-17.212,0.853
AC49,VSS,-18.812,0.853
AC5,VSS,18.012,-0.053
AC51,VSS,-20.412,0.853
AC8,VSS,15.612,-0.053
AD1,VSS,21.212,0.747
AD4,VSS,18.812,0.747
AD7,VSS,16.412,0.747
AD8,VSS,15.612,0.747
AE3,VSS,19.612,1.547
AE45,VSS,-15.612,2.453
AE47,VSS,-17.212,2.453
AE49,VSS,-18.812,2.453
AE5,VSS,18.012,1.547
AE51,VSS,-20.412,2.453
AE8,VSS,15.612,1.547
AF1,VSS,21.212,2.347
AF4,VSS,18.812,2.347
AF7,VSS,16.412,2.347
AF8,VSS,15.612,2.347
AG3,VSS,19.612,3.147
AG44,VSS,-14.812,4.053
AG45,VSS,-15.612,4.053
AG46,VSS,-16.412,4.053
AG47,VSS,-17.212,4.053
AG48,VSS,-18.012,4.053
AG49,VSS,-18.812,4.053
AG5,VSS,18.012,3.147
AG8,VSS,15.612,3.147
AH1,VSS,21.212,3.947
AH4,VSS,18.812,3.947
AH44,VSS,-14.812,4.853
AH48,VSS,-18.012,4.853
AH7,VSS,16.412,3.947
AH8,VSS,15.612,3.947
AJ44,VSS,-14.812,5.653
AJ46,VSS,-16.412,5.653
AJ48,VSS,-18.012,5.653
AJ49,VSS,-18.812,5.653
AJ5,VSS,18.012,4.747
AJ50,VSS,-19.612,5.653
AJ51,VSS,-20.412,5.653
AJ52,VSS,-21.212,5.653
AJ8,VSS,15.612,4.747
AK1,VSS,21.212,5.547
AK2,VSS,20.412,5.547
AK3,VSS,19.612,5.547
AK4,VSS,18.812,5.547
AK44,VSS,-14.812,6.453
AK46,VSS,-16.412,6.453
AK48,VSS,-18.012,6.453
AK5,VSS,18.012,5.547
AK52,VSS,-21.212,6.453
AK6,VSS,17.212,5.547
AK7,VSS,16.412,5.547
AK8,VSS,15.612,5.547
AK9,VSS,14.812,5.547
AL1,VSS,21.212,6.347
AL44,VSS,-14.812,7.253
AL48,VSS,-18.012,7.253
AL5,VSS,18.012,6.347
AL50,VSS,-19.612,7.253
AL52,VSS,-21.212,7.253
AL9,VSS,14.812,6.347
AM1,VSS,21.212,7.147
AM23,VSS,1.988,8.053
AM26,VSS,-0.412,8.053
AM3,VSS,19.612,7.147
AM40,VSS,-11.612,8.053
AM43,VSS,-14.012,8.053
AM44,VSS,-14.812,8.053
AM45,VSS,-15.612,8.053
AM46,VSS,-16.412,8.053
AM47,VSS,-17.212,8.053
AM48,VSS,-18.012,8.053
AM5,VSS,18.012,7.147
AM50,VSS,-19.612,8.053
AM52,VSS,-21.212,8.053
AM7,VSS,16.412,7.147
AM9,VSS,14.812,7.147
AN1,VSS,21.212,7.947
AN15,VSS,8.388,8.853
AN21,VSS,3.588,8.853
AN22,VSS,2.788,8.853
AN23,VSS,1.988,8.853
AN24,VSS,1.188,8.853
AN25,VSS,0.388,8.853
AN26,VSS,-0.412,8.853
AN27,VSS,-1.212,8.853
AN28,VSS,-2.012,8.853
AN29,VSS,-2.812,8.853
AN3,VSS,19.612,7.947
AN30,VSS,-3.612,8.853
AN31,VSS,-4.412,8.853
AN32,VSS,-5.212,8.853
AN33,VSS,-6.012,8.853
AN36,VSS,-8.412,8.853
AN39,VSS,-10.812,8.853
AN43,VSS,-14.012,8.853
AN48,VSS,-18.012,8.853
AN5,VSS,18.012,7.947
AN52,VSS,-21.212,8.853
AN7,VSS,16.412,7.947
AN9,VSS,14.812,7.947
AP1,VSS,21.212,8.747
AP17,VSS,6.788,9.653
AP18,VSS,5.988,9.653
AP19,VSS,5.188,9.653
AP20,VSS,4.388,9.653
AP23,VSS,1.988,9.653
AP31,VSS,-4.412,9.653
AP34,VSS,-6.812,9.653
AP43,VSS,-14.012,9.653
AP45,VSS,-15.612,9.653
AP46,VSS,-16.412,9.653
AP48,VSS,-18.012,9.653
AP49,VSS,-18.812,9.653
AP5,VSS,18.012,8.747
AP50,VSS,-19.612,9.653
AP51,VSS,-20.412,9.653
AP52,VSS,-21.212,9.653
AP9,VSS,14.812,8.747
AR1,VSS,21.212,9.547
AR10,VSS,14.012,9.547
AR11,VSS,13.212,9.547
AR12,VSS,12.412,9.547
AR13,VSS,9.988,10.453
AR14,VSS,9.188,10.453
AR15,VSS,8.388,10.453
AR16,VSS,7.588,10.453
AR17,VSS,6.788,10.453
AR2,VSS,20.412,9.547
AR20,VSS,4.388,10.453
AR22,VSS,2.788,10.453
AR25,VSS,0.388,10.453
AR29,VSS,-2.812,10.453
AR3,VSS,19.612,9.547
AR32,VSS,-5.212,10.453
AR34,VSS,-6.812,10.453
AR35,VSS,-7.612,10.453
AR36,VSS,-8.412,10.453
AR37,VSS,-9.212,10.453
AR4,VSS,18.812,9.547
AR43,VSS,-14.012,10.453
AR48,VSS,-18.012,10.453
AR5,VSS,18.012,9.547
AR52,VSS,-21.212,10.453
AR6,VSS,17.212,9.547
AR7,VSS,16.412,9.547
AR8,VSS,15.612,9.547
AR9,VSS,14.812,9.547
AT1,VSS,21.212,10.347
AT13,VSS,9.988,11.253
AT17,VSS,6.788,11.253
AT19,VSS,5.188,11.253
AT20,VSS,4.388,11.253
AT22,VSS,2.788,11.253
AT24,VSS,1.188,11.253
AT26,VSS,-0.412,11.253
AT28,VSS,-2.012,11.253
AT30,VSS,-3.612,11.253
AT32,VSS,-5.212,11.253
AT34,VSS,-6.812,11.253
AT38,VSS,-10.012,11.253
AT39,VSS,-10.812,11.253
AT40,VSS,-11.612,11.253
AT41,VSS,-12.412,11.253
AT42,VSS,-13.212,11.253
AT43,VSS,-14.012,11.253
AT44,VSS,-14.812,11.253
AT45,VSS,-15.612,11.253
AT46,VSS,-16.412,11.253
AT47,VSS,-17.212,11.253
AT48,VSS,-18.012,11.253
AT5,VSS,18.012,10.347
AT50,VSS,-19.612,11.253
AT52,VSS,-21.212,11.253
AT9,VSS,14.812,10.347
AU1,VSS,21.212,11.147
AU11,VSS,13.212,11.147
AU13,VSS,9.988,12.053
AU15,VSS,8.388,12.053
AU17,VSS,6.788,12.053
AU19,VSS,5.188,12.053
AU3,VSS,19.612,11.147
AU33,VSS,-6.012,12.053
AU34,VSS,-6.812,12.053
AU36,VSS,-8.412,12.053
AU38,VSS,-10.012,12.053
AU43,VSS,-14.012,12.053
AU48,VSS,-18.012,12.053
AU5,VSS,18.012,11.147
AU50,VSS,-19.612,12.053
AU52,VSS,-21.212,12.053
AU7,VSS,16.412,11.147
AU9,VSS,14.812,11.147
AV1,VSS,21.212,11.947
AV11,VSS,13.212,11.947
AV13,VSS,9.988,12.853
AV15,VSS,8.388,12.853
AV17,VSS,6.788,12.853
AV19,VSS,5.188,12.853
AV21,VSS,3.588,12.853
AV22,VSS,2.788,12.853
AV23,VSS,1.988,12.853
AV25,VSS,0.388,12.853
AV27,VSS,-1.212,12.853
AV29,VSS,-2.812,12.853
AV3,VSS,19.612,11.947
AV31,VSS,-4.412,12.853
AV34,VSS,-6.812,12.853
AV36,VSS,-8.412,12.853
AV38,VSS,-10.012,12.853
AV40,VSS,-11.612,12.853
AV41,VSS,-12.412,12.853
AV43,VSS,-14.012,12.853
AV45,VSS,-15.612,12.853
AV46,VSS,-16.412,12.853
AV48,VSS,-18.012,12.853
AV5,VSS,18.012,11.947
AV52,VSS,-21.212,12.853
AV7,VSS,16.412,11.947
AV9,VSS,14.812,11.947
AW1,VSS,21.212,12.747
AW13,VSS,9.988,13.653
AW17,VSS,6.788,13.653
AW19,VSS,5.188,13.653
AW34,VSS,-6.812,13.653
AW38,VSS,-10.012,13.653
AW43,VSS,-14.012,13.653
AW48,VSS,-18.012,13.653
AW49,VSS,-18.812,13.653
AW5,VSS,18.012,12.747
AW50,VSS,-19.612,13.653
AW51,VSS,-20.412,13.653
AW52,VSS,-21.212,13.653
AW9,VSS,14.812,12.747
AY1,VSS,21.212,13.547
AY10,VSS,14.012,13.547
AY11,VSS,13.212,13.547
AY12,VSS,12.412,13.547
AY13,VSS,9.988,14.453
AY14,VSS,9.188,14.453
AY15,VSS,8.388,14.453
AY16,VSS,7.588,14.453
AY17,VSS,6.788,14.453
AY18,VSS,5.988,14.453
AY19,VSS,5.188,14.453
AY2,VSS,20.412,13.547
AY20,VSS,4.388,14.453
AY21,VSS,3.588,14.453
AY22,VSS,2.788,14.453
AY23,VSS,1.988,14.453
AY24,VSS,1.188,14.453
AY25,VSS,0.388,14.453
AY26,VSS,-0.412,14.453
AY27,VSS,-1.212,14.453
AY28,VSS,-2.012,14.453
AY29,VSS,-2.812,14.453
AY3,VSS,19.612,13.547
AY30,VSS,-3.612,14.453
AY31,VSS,-4.412,14.453
AY32,VSS,-5.212,14.453
AY33,VSS,-6.012,14.453
AY34,VSS,-6.812,14.453
AY35,VSS,-7.612,14.453
AY36,VSS,-8.412,14.453
AY37,VSS,-9.212,14.453
AY38,VSS,-10.012,14.453
AY39,VSS,-10.812,14.453
AY4,VSS,18.812,13.547
AY40,VSS,-11.612,14.453
AY41,VSS,-12.412,14.453
AY42,VSS,-13.212,14.453
AY43,VSS,-14.012,14.453
AY44,VSS,-14.812,14.453
AY45,VSS,-15.612,14.453
AY46,VSS,-16.412,14.453
AY47,VSS,-17.212,14.453
AY48,VSS,-18.012,14.453
AY5,VSS,18.012,13.547
AY52,VSS,-21.212,14.453
AY6,VSS,17.212,13.547
AY7,VSS,16.412,13.547
AY8,VSS,15.612,13.547
AY9,VSS,14.812,13.547
B11,VSS,13.212,-16.853
B13,VSS,11.612,-16.853
B15,VSS,10.012,-16.853
B17,VSS,8.412,-16.853
B19,VSS,6.812,-16.853
B2,VSS,20.447,-16.888
B21,VSS,5.212,-16.853
B23,VSS,3.612,-16.853
B25,VSS,2.012,-16.853
B27,VSS,0.412,-16.853
B29,VSS,-1.188,-16.853
B3,VSS,19.612,-16.853
B45,VSS,-15.612,-15.947
B47,VSS,-17.212,-15.947
B7,VSS,16.412,-16.853
B9,VSS,14.812,-16.853
BA11,VSS,13.212,14.347
BA14,VSS,9.188,15.253
BA17,VSS,6.788,15.253
BA19,VSS,5.188,15.253
BA21,VSS,3.588,15.253
BA32,VSS,-5.212,15.253
BA34,VSS,-6.812,15.253
BA36,VSS,-8.412,15.253
BA38,VSS,-10.012,15.253
BA43,VSS,-14.012,15.253
BA48,VSS,-18.012,15.253
BA50,VSS,-19.612,15.253
BA6,VSS,17.212,14.347
BB1,VSS,21.247,15.182
BB11,VSS,13.212,15.147
BB13,VSS,9.988,16.053
BB23,VSS,1.988,16.053
BB25,VSS,0.388,16.053
BB27,VSS,-1.212,16.053
BB29,VSS,-2.812,16.053
BB3,VSS,19.612,15.147
BB38,VSS,-10.012,16.053
BB4,VSS,18.812,15.147
BB40,VSS,-11.612,16.053
BB41,VSS,-12.412,16.053
BB43,VSS,-14.012,16.053
BB45,VSS,-15.612,16.053
BB46,VSS,-16.412,16.053
BB48,VSS,-18.012,16.053
BB50,VSS,-19.612,16.053
BB51,VSS,-20.412,16.053
BB52,VSS,-21.247,16.088
BB6,VSS,17.212,15.147
BB8,VSS,15.612,15.147
BB9,VSS,14.812,15.147
BC11,VSS,13.212,15.947
BC14,VSS,9.188,16.853
BC2,VSS,20.447,15.982
BC3,VSS,19.612,15.947
BC38,VSS,-10.012,16.853
BC43,VSS,-14.012,16.853
BC48,VSS,-18.012,16.853
BC51,VSS,-20.447,16.888
BC6,VSS,17.212,15.947
BD10,VSS,14.012,16.747
BD11,VSS,13.212,16.747
BD12,VSS,12.412,16.747
BD14,VSS,9.188,17.653
BD16,VSS,7.588,17.653
BD18,VSS,5.988,17.653
BD2,VSS,20.447,16.782
BD20,VSS,4.388,17.653
BD22,VSS,2.788,17.653
BD24,VSS,1.188,17.653
BD26,VSS,-0.412,17.653
BD28,VSS,-2.012,17.653
BD3,VSS,19.647,16.782
BD30,VSS,-3.612,17.653
BD32,VSS,-5.212,17.653
BD34,VSS,-6.812,17.653
BD36,VSS,-8.412,17.653
BD38,VSS,-10.012,17.653
BD39,VSS,-10.812,17.653
BD40,VSS,-11.612,17.653
BD41,VSS,-12.412,17.653
BD42,VSS,-13.212,17.653
BD43,VSS,-14.012,17.653
BD44,VSS,-14.812,17.653
BD45,VSS,-15.612,17.653
BD46,VSS,-16.412,17.653
BD47,VSS,-17.212,17.653
BD48,VSS,-18.012,17.653
BD5,VSS,18.012,16.747
BD50,VSS,-19.647,17.688
BD6,VSS,17.212,16.747
BD7,VSS,16.412,16.747
BD8,VSS,15.612,16.747
BD9,VSS,14.812,16.747
C1,VSS,21.247,-16.088
C11,VSS,13.212,-16.053
C13,VSS,11.612,-16.053
C15,VSS,10.012,-16.053
C17,VSS,8.412,-16.053
C19,VSS,6.812,-16.053
C21,VSS,5.212,-16.053
C23,VSS,3.612,-16.053
C25,VSS,2.012,-16.053
C27,VSS,0.412,-16.053
C29,VSS,-1.188,-16.053
C32,VSS,-3.588,-16.053
C34,VSS,-5.188,-16.053
C36,VSS,-6.788,-16.053
C38,VSS,-8.388,-16.053
C4,VSS,18.812,-16.053
C5,VSS,18.012,-16.053
C6,VSS,17.212,-16.053
C7,VSS,16.412,-16.053
C9,VSS,14.812,-16.053
D1,VSS,21.212,-15.253
D10,VSS,14.012,-15.253
D11,VSS,13.212,-15.253
D12,VSS,12.412,-15.253
D13,VSS,11.612,-15.253
D14,VSS,10.812,-15.253
D15,VSS,10.012,-15.253
D16,VSS,9.212,-15.253
D17,VSS,8.412,-15.253
D18,VSS,7.612,-15.253
D19,VSS,6.812,-15.253
D2,VSS,20.412,-15.253
D20,VSS,6.012,-15.253
D21,VSS,5.212,-15.253
D22,VSS,4.412,-15.253
D23,VSS,3.612,-15.253
D24,VSS,2.812,-15.253
D25,VSS,2.012,-15.253
D26,VSS,1.212,-15.253
D27,VSS,0.412,-15.253
D28,VSS,-0.388,-15.253
D29,VSS,-1.188,-15.253
D3,VSS,19.612,-15.253
D31,VSS,-2.788,-15.253
D33,VSS,-4.388,-15.253
D35,VSS,-5.988,-15.253
D37,VSS,-7.588,-15.253
D39,VSS,-9.188,-15.253
D4,VSS,18.812,-15.253
D41,VSS,-10.788,-15.253
D43,VSS,-14.012,-14.347
D45,VSS,-15.612,-14.347
D47,VSS,-17.212,-14.347
D49,VSS,-18.812,-14.347
D7,VSS,16.412,-15.253
D8,VSS,15.612,-15.253
D9,VSS,14.812,-15.253
E1,VSS,21.212,-14.453
E10,VSS,14.012,-14.453
E12,VSS,12.412,-14.453
E14,VSS,10.812,-14.453
E16,VSS,9.212,-14.453
E18,VSS,7.612,-14.453
E20,VSS,6.012,-14.453
E22,VSS,4.412,-14.453
E24,VSS,2.812,-14.453
E26,VSS,1.212,-14.453
E28,VSS,-0.388,-14.453
E30,VSS,-1.988,-14.453
E4,VSS,18.812,-14.453
E5,VSS,18.012,-14.453
E6,VSS,17.212,-14.453
E7,VSS,16.412,-14.453
E8,VSS,15.612,-14.453
F1,VSS,21.212,-13.653
F10,VSS,14.012,-13.653
F12,VSS,12.412,-13.653
F14,VSS,10.812,-13.653
F16,VSS,9.212,-13.653
F18,VSS,7.612,-13.653
F2,VSS,20.412,-13.653
F20,VSS,6.012,-13.653
F22,VSS,4.412,-13.653
F24,VSS,2.812,-13.653
F26,VSS,1.212,-13.653
F28,VSS,-0.388,-13.653
F3,VSS,19.612,-13.653
F30,VSS,-1.988,-13.653
F32,VSS,-3.588,-13.653
F34,VSS,-5.188,-13.653
F36,VSS,-6.788,-13.653
F38,VSS,-8.388,-13.653
F4,VSS,18.812,-13.653
F40,VSS,-9.988,-13.653
F43,VSS,-14.012,-12.747
F45,VSS,-15.612,-12.747
F47,VSS,-17.212,-12.747
F49,VSS,-18.812,-12.747
F51,VSS,-20.412,-12.747
F7,VSS,16.412,-13.653
F8,VSS,15.612,-13.653
G1,VSS,21.212,-12.853
G10,VSS,14.012,-12.853
G11,VSS,13.212,-12.853
G12,VSS,12.412,-12.853
G13,VSS,11.612,-12.853
G14,VSS,10.812,-12.853
G15,VSS,10.012,-12.853
G16,VSS,9.212,-12.853
G17,VSS,8.412,-12.853
G18,VSS,7.612,-12.853
G19,VSS,6.812,-12.853
G20,VSS,6.012,-12.853
G21,VSS,5.212,-12.853
G22,VSS,4.412,-12.853
G23,VSS,3.612,-12.853
G24,VSS,2.812,-12.853
G25,VSS,2.012,-12.853
G26,VSS,1.212,-12.853
G27,VSS,0.412,-12.853
G28,VSS,-0.388,-12.853
G29,VSS,-1.188,-12.853
G33,VSS,-4.388,-12.853
G35,VSS,-5.988,-12.853
G37,VSS,-7.588,-12.853
G39,VSS,-9.188,-12.853
G4,VSS,18.812,-12.853
G5,VSS,18.012,-12.853
G6,VSS,17.212,-12.853
G7,VSS,16.412,-12.853
G8,VSS,15.612,-12.853
G9,VSS,14.812,-12.853
H1,VSS,21.212,-12.053
H18,VSS,7.612,-12.053
H2,VSS,20.412,-12.053
H24,VSS,2.812,-12.053
H3,VSS,19.612,-12.053
H4,VSS,18.812,-12.053
H41,VSS,-10.788,-12.053
H43,VSS,-14.012,-11.147
H45,VSS,-15.612,-11.147
H47,VSS,-17.212,-11.147
H49,VSS,-18.812,-11.147
H51,VSS,-20.412,-11.147
H7,VSS,16.412,-12.053
J1,VSS,21.212,-11.253
J18,VSS,7.612,-11.253
J24,VSS,2.812,-11.253
J29,VSS,-1.188,-11.253
J32,VSS,-3.588,-11.253
J34,VSS,-5.188,-11.253
J36,VSS,-6.788,-11.253
J4,VSS,18.812,-11.253
J5,VSS,18.012,-11.253
J6,VSS,17.212,-11.253
J7,VSS,16.412,-11.253
K1,VSS,21.212,-10.453
K10,VSS,14.012,-10.453
K12,VSS,12.412,-10.453
K14,VSS,10.812,-10.453
K16,VSS,9.212,-10.453
K18,VSS,7.612,-10.453
K2,VSS,20.412,-10.453
K21,VSS,5.212,-10.453
K24,VSS,2.812,-10.453
K27,VSS,0.412,-10.453
K3,VSS,19.612,-10.453
K33,VSS,-4.388,-10.453
K35,VSS,-5.988,-10.453
K39,VSS,-9.188,-10.453
K4,VSS,18.812,-10.453
K41,VSS,-10.788,-10.453
K43,VSS,-14.012,-9.547
K45,VSS,-15.612,-9.547
K47,VSS,-17.212,-9.547
K49,VSS,-18.812,-9.547
K51,VSS,-20.412,-9.547
K7,VSS,16.412,-10.453
L1,VSS,21.212,-9.653
L18,VSS,7.612,-9.653
L24,VSS,2.812,-9.653
L26,VSS,1.212,-9.653
L4,VSS,18.812,-9.653
L5,VSS,18.012,-9.653
L6,VSS,17.212,-9.653
L7,VSS,16.412,-9.653
M1,VSS,21.212,-8.853
M11,VSS,13.212,-8.853
M13,VSS,11.612,-8.853
M15,VSS,10.012,-8.853
M18,VSS,7.612,-8.853
M2,VSS,20.412,-8.853
M24,VSS,2.812,-8.853
M26,VSS,1.212,-8.853
M29,VSS,-1.188,-8.853
M3,VSS,19.612,-8.853
M31,VSS,-2.788,-8.853
M33,VSS,-4.388,-8.853
M35,VSS,-5.988,-8.853
M37,VSS,-7.588,-8.853
M39,VSS,-9.188,-8.853
M4,VSS,18.812,-8.853
M41,VSS,-10.788,-8.853
M43,VSS,-14.012,-7.947
M45,VSS,-15.612,-7.947
M47,VSS,-17.212,-7.947
M49,VSS,-18.812,-7.947
M51,VSS,-20.412,-7.947
M7,VSS,16.412,-8.853
M9,VSS,14.812,-8.853
N1,VSS,21.212,-8.053
N18,VSS,7.612,-8.053
N21,VSS,5.212,-8.053
N24,VSS,2.812,-8.053
N26,VSS,1.212,-8.053
N4,VSS,18.812,-8.053
N5,VSS,18.012,-8.053
N6,VSS,17.212,-8.053
N7,VSS,16.412,-8.053
P1,VSS,21.212,-7.253
P2,VSS,20.412,-7.253
P3,VSS,19.612,-7.253
P4,VSS,18.812,-7.253
P45,VSS,-15.612,-6.347
P47,VSS,-17.212,-6.347
P49,VSS,-18.812,-6.347
P51,VSS,-20.412,-6.347
P7,VSS,16.412,-7.253
R1,VSS,21.212,-6.453
R10,VSS,14.012,-6.453
R4,VSS,18.812,-6.453
R5,VSS,18.012,-6.453
R6,VSS,17.212,-6.453
R7,VSS,16.412,-6.453
T1,VSS,21.212,-5.653
T2,VSS,20.412,-5.653
T3,VSS,19.612,-5.653
T4,VSS,18.812,-5.653
T45,VSS,-15.612,-4.747
T47,VSS,-17.212,-4.747
T49,VSS,-18.812,-4.747
T51,VSS,-20.412,-4.747
T7,VSS,16.412,-5.653
U1,VSS,21.212,-4.853
U4,VSS,18.812,-4.853
U5,VSS,18.012,-4.853
U6,VSS,17.212,-4.853
U7,VSS,16.412,-4.853
U8,VSS,15.612,-4.853
U9,VSS,14.812,-4.853
V1,VSS,21.212,-4.053
V10,VSS,14.012,-4.053
V2,VSS,20.412,-4.053
V3,VSS,19.612,-4.053
V4,VSS,18.812,-4.053
V45,VSS,-15.612,-3.147
V47,VSS,-17.212,-3.147
V49,VSS,-18.812,-3.147
V51,VSS,-20.412,-3.147
V7,VSS,16.412,-4.053
W1,VSS,21.212,-3.253
W10,VSS,14.012,-3.253
W11,VSS,13.212,-3.253
W4,VSS,18.812,-3.253
W5,VSS,18.012,-3.253
W6,VSS,17.212,-3.253
W7,VSS,16.412,-3.253
W8,VSS,15.612,-3.253
W9,VSS,14.812,-3.253
Y1,VSS,21.212,-2.453
Y11,VSS,13.212,-2.453
Y2,VSS,20.412,-2.453
Y3,VSS,19.612,-2.453
Y4,VSS,18.812,-2.453
Y7,VSS,16.412,-2.453
Y9,VSS,14.812,-2.453
B41,VIDSOUT,-10.788,-16.853
A40,VIDSCK,-9.988,-17.653
B40,VIDALERT#,-9.988,-16.853
A7,VCCST_PWRGD_SX,16.412,-17.653
B6,VCCST_PWRGD,17.212,-16.853
A42,VCCCORE_SENSE,-11.588,-17.653
K25,VCCIN_AUX_SENSE,2.012,-10.453
L25,VCCIN_AUX_FLTR,2.012,-9.653
M25,VCCIN_AUX_FLTR,2.012,-8.853
N25,VCCIN_AUX_FLTR,2.012,-8.053
AM41,VCCIN_AUX_EDGECAP,-12.412,8.053
AM42,VCCIN_AUX_EDGECAP,-13.212,8.053
H19,VCCIN_AUX,6.812,-12.053
H20,VCCIN_AUX,6.012,-12.053
H21,VCCIN_AUX,5.212,-12.053
H22,VCCIN_AUX,4.412,-12.053
H23,VCCIN_AUX,3.612,-12.053
J19,VCCIN_AUX,6.812,-11.253
J20,VCCIN_AUX,6.012,-11.253
J21,VCCIN_AUX,5.212,-11.253
J22,VCCIN_AUX,4.412,-11.253
J23,VCCIN_AUX,3.612,-11.253
K19,VCCIN_AUX,6.812,-10.453
K20,VCCIN_AUX,6.012,-10.453
K22,VCCIN_AUX,4.412,-10.453
K23,VCCIN_AUX,3.612,-10.453
L19,VCCIN_AUX,6.812,-9.653
L20,VCCIN_AUX,6.012,-9.653
L21,VCCIN_AUX,5.212,-9.653
L22,VCCIN_AUX,4.412,-9.653
L23,VCCIN_AUX,3.612,-9.653
M19,VCCIN_AUX,6.812,-8.853
M20,VCCIN_AUX,6.012,-8.853
M21,VCCIN_AUX,5.212,-8.853
M22,VCCIN_AUX,4.412,-8.853
M23,VCCIN_AUX,3.612,-8.853
N19,VCCIN_AUX,6.812,-8.053
N20,VCCIN_AUX,6.012,-8.053
N22,VCCIN_AUX,4.412,-8.053
N23,VCCIN_AUX,3.612,-8.053
A43,VCCCORE,-14.012,-16.747
A44,VCCCORE,-14.812,-16.747
A45,VCCCORE,-15.612,-16.747
A46,VCCCORE,-16.412,-16.747
A47,VCCCORE,-17.212,-16.747
A48,VCCCORE,-18.012,-16.747
A49,VCCCORE,-18.812,-16.747
A50,VCCCORE,-19.647,-16.782
A51,VCCCORE,-20.447,-16.782
AC10,VCCCORE,14.012,-0.053
AC11,VCCCORE,13.212,-0.053
AC9,VCCCORE,14.812,-0.053
AD10,VCCCORE,14.012,0.747
AD11,VCCCORE,13.212,0.747
AD9,VCCCORE,14.812,0.747
AE10,VCCCORE,14.012,1.547
AE11,VCCCORE,13.212,1.547
AE9,VCCCORE,14.812,1.547
AF10,VCCCORE,14.012,2.347
AF11,VCCCORE,13.212,2.347
AF9,VCCCORE,14.812,2.347
AG10,VCCCORE,14.012,3.147
AG11,VCCCORE,13.212,3.147
AG9,VCCCORE,14.812,3.147
AH10,VCCCORE,14.012,3.947
AH11,VCCCORE,13.212,3.947
AH9,VCCCORE,14.812,3.947
AJ10,VCCCORE,14.012,4.747
AJ11,VCCCORE,13.212,4.747
AJ9,VCCCORE,14.812,4.747
AK10,VCCCORE,14.012,5.547
AK11,VCCCORE,13.212,5.547
AL10,VCCCORE,14.012,6.347
AL11,VCCCORE,13.212,6.347
AM10,VCCCORE,14.012,7.147
AM11,VCCCORE,13.212,7.147
AM13,VCCCORE,9.988,8.053
AM14,VCCCORE,9.188,8.053
AM15,VCCCORE,8.388,8.053
AM16,VCCCORE,7.588,8.053
AM17,VCCCORE,6.788,8.053
AM18,VCCCORE,5.988,8.053
AM19,VCCCORE,5.188,8.053
AM20,VCCCORE,4.388,8.053
AM21,VCCCORE,3.588,8.053
AM22,VCCCORE,2.788,8.053
AM27,VCCCORE,-1.212,8.053
AM28,VCCCORE,-2.012,8.053
AM29,VCCCORE,-2.812,8.053
AM30,VCCCORE,-3.612,8.053
AM31,VCCCORE,-4.412,8.053
AM32,VCCCORE,-5.212,8.053
AM33,VCCCORE,-6.012,8.053
AM34,VCCCORE,-6.812,8.053
AM35,VCCCORE,-7.612,8.053
AM36,VCCCORE,-8.412,8.053
AM37,VCCCORE,-9.212,8.053
AM38,VCCCORE,-10.012,8.053
AM39,VCCCORE,-10.812,8.053
AN10,VCCCORE,14.012,7.947
AN11,VCCCORE,13.212,7.947
AN12,VCCCORE,12.412,7.947
AN13,VCCCORE,9.988,8.853
AN14,VCCCORE,9.188,8.853
AN16,VCCCORE,7.588,8.853
AN17,VCCCORE,6.788,8.853
AN18,VCCCORE,5.988,8.853
AN19,VCCCORE,5.188,8.853
AN35,VCCCORE,-7.612,8.853
AN37,VCCCORE,-9.212,8.853
AN38,VCCCORE,-10.012,8.853
AP12,VCCCORE,12.412,8.747
AP13,VCCCORE,9.988,9.653
AP14,VCCCORE,9.188,9.653
AP35,VCCCORE,-7.612,9.653
AP36,VCCCORE,-8.412,9.653
AP37,VCCCORE,-9.212,9.653
AP38,VCCCORE,-10.012,9.653
AP39,VCCCORE,-10.812,9.653
B43,VCCCORE,-14.012,-15.947
B44,VCCCORE,-14.812,-15.947
B46,VCCCORE,-16.412,-15.947
B48,VCCCORE,-18.012,-15.947
B49,VCCCORE,-18.812,-15.947
B50,VCCCORE,-19.612,-15.947
B51,VCCCORE,-20.447,-15.982
C42,VCCCORE,-11.588,-16.053
C43,VCCCORE,-14.012,-15.147
C44,VCCCORE,-14.812,-15.147
C45,VCCCORE,-15.612,-15.147
C46,VCCCORE,-16.412,-15.147
C47,VCCCORE,-17.212,-15.147
C48,VCCCORE,-18.012,-15.147
C49,VCCCORE,-18.812,-15.147
C50,VCCCORE,-19.612,-15.147
C51,VCCCORE,-20.412,-15.147
C52,VCCCORE,-21.247,-15.182
D42,VCCCORE,-11.588,-15.253
D44,VCCCORE,-14.812,-14.347
D46,VCCCORE,-16.412,-14.347
D48,VCCCORE,-18.012,-14.347
D50,VCCCORE,-19.612,-14.347
D51,VCCCORE,-20.412,-14.347
D52,VCCCORE,-21.212,-14.347
E41,VCCCORE,-10.788,-14.453
E42,VCCCORE,-11.588,-14.453
E43,VCCCORE,-14.012,-13.547
E44,VCCCORE,-14.812,-13.547
E45,VCCCORE,-15.612,-13.547
E46,VCCCORE,-16.412,-13.547
E47,VCCCORE,-17.212,-13.547
E48,VCCCORE,-18.012,-13.547
E49,VCCCORE,-18.812,-13.547
E50,VCCCORE,-19.612,-13.547
E51,VCCCORE,-20.412,-13.547
E52,VCCCORE,-21.212,-13.547
F41,VCCCORE,-10.788,-13.653
F42,VCCCORE,-11.588,-13.653
F44,VCCCORE,-14.812,-12.747
F46,VCCCORE,-16.412,-12.747
F48,VCCCORE,-18.012,-12.747
F50,VCCCORE,-19.612,-12.747
F52,VCCCORE,-21.212,-12.747
G40,VCCCORE,-9.988,-12.853
G41,VCCCORE,-10.788,-12.853
G42,VCCCORE,-11.588,-12.853
G43,VCCCORE,-14.012,-11.947
G44,VCCCORE,-14.812,-11.947
G45,VCCCORE,-15.612,-11.947
G46,VCCCORE,-16.412,-11.947
G47,VCCCORE,-17.212,-11.947
G48,VCCCORE,-18.012,-11.947
G49,VCCCORE,-18.812,-11.947
G50,VCCCORE,-19.612,-11.947
G51,VCCCORE,-20.412,-11.947
G52,VCCCORE,-21.212,-11.947
H39,VCCCORE,-9.188,-12.053
H40,VCCCORE,-9.988,-12.053
H42,VCCCORE,-11.588,-12.053
H44,VCCCORE,-14.812,-11.147
H46,VCCCORE,-16.412,-11.147
H48,VCCCORE,-18.012,-11.147
H50,VCCCORE,-19.612,-11.147
H52,VCCCORE,-21.212,-11.147
J38,VCCCORE,-8.388,-11.253
J39,VCCCORE,-9.188,-11.253
J40,VCCCORE,-9.988,-11.253
J41,VCCCORE,-10.788,-11.253
J42,VCCCORE,-11.588,-11.253
J43,VCCCORE,-14.012,-10.347
J44,VCCCORE,-14.812,-10.347
J45,VCCCORE,-15.612,-10.347
J46,VCCCORE,-16.412,-10.347
J47,VCCCORE,-17.212,-10.347
J48,VCCCORE,-18.012,-10.347
J49,VCCCORE,-18.812,-10.347
J50,VCCCORE,-19.612,-10.347
J51,VCCCORE,-20.412,-10.347
J52,VCCCORE,-21.212,-10.347
K28,VCCCORE,-0.388,-10.453
K29,VCCCORE,-1.188,-10.453
K30,VCCCORE,-1.988,-10.453
K31,VCCCORE,-2.788,-10.453
K32,VCCCORE,-3.588,-10.453
K37,VCCCORE,-7.588,-10.453
K38,VCCCORE,-8.388,-10.453
K40,VCCCORE,-9.988,-10.453
K42,VCCCORE,-11.588,-10.453
K44,VCCCORE,-14.812,-9.547
K46,VCCCORE,-16.412,-9.547
K48,VCCCORE,-18.012,-9.547
K50,VCCCORE,-19.612,-9.547
K52,VCCCORE,-21.212,-9.547
L27,VCCCORE,0.412,-9.653
L28,VCCCORE,-0.388,-9.653
L29,VCCCORE,-1.188,-9.653
L30,VCCCORE,-1.988,-9.653
L31,VCCCORE,-2.788,-9.653
L32,VCCCORE,-3.588,-9.653
L33,VCCCORE,-4.388,-9.653
L34,VCCCORE,-5.188,-9.653
L35,VCCCORE,-5.988,-9.653
L36,VCCCORE,-6.788,-9.653
L37,VCCCORE,-7.588,-9.653
L38,VCCCORE,-8.388,-9.653
L39,VCCCORE,-9.188,-9.653
L40,VCCCORE,-9.988,-9.653
L41,VCCCORE,-10.788,-9.653
L42,VCCCORE,-11.588,-9.653
L43,VCCCORE,-14.012,-8.747
L44,VCCCORE,-14.812,-8.747
L45,VCCCORE,-15.612,-8.747
L46,VCCCORE,-16.412,-8.747
L47,VCCCORE,-17.212,-8.747
L48,VCCCORE,-18.012,-8.747
L49,VCCCORE,-18.812,-8.747
L50,VCCCORE,-19.612,-8.747
L51,VCCCORE,-20.412,-8.747
L52,VCCCORE,-21.212,-8.747
M27,VCCCORE,0.412,-8.853
M28,VCCCORE,-0.388,-8.853
M30,VCCCORE,-1.988,-8.853
M32,VCCCORE,-3.588,-8.853
M34,VCCCORE,-5.188,-8.853
M36,VCCCORE,-6.788,-8.853
M38,VCCCORE,-8.388,-8.853
M40,VCCCORE,-9.988,-8.853
M42,VCCCORE,-11.588,-8.853
M44,VCCCORE,-14.812,-7.947
M46,VCCCORE,-16.412,-7.947
M48,VCCCORE,-18.012,-7.947
M50,VCCCORE,-19.612,-7.947
M52,VCCCORE,-21.212,-7.947
N27,VCCCORE,0.412,-8.053
N28,VCCCORE,-0.388,-8.053
N29,VCCCORE,-1.188,-8.053
N30,VCCCORE,-1.988,-8.053
N31,VCCCORE,-2.788,-8.053
N32,VCCCORE,-3.588,-8.053
N33,VCCCORE,-4.388,-8.053
N34,VCCCORE,-5.188,-8.053
N35,VCCCORE,-5.988,-8.053
N36,VCCCORE,-6.788,-8.053
N37,VCCCORE,-7.588,-8.053
N38,VCCCORE,-8.388,-8.053
N39,VCCCORE,-9.188,-8.053
N40,VCCCORE,-9.988,-8.053
N41,VCCCORE,-10.788,-8.053
N42,VCCCORE,-11.588,-8.053
N44,VCCCORE,-14.812,-7.147
N45,VCCCORE,-15.612,-7.147
N46,VCCCORE,-16.412,-7.147
N47,VCCCORE,-17.212,-7.147
N48,VCCCORE,-18.012,-7.147
N49,VCCCORE,-18.812,-7.147
N50,VCCCORE,-19.612,-7.147
N51,VCCCORE,-20.412,-7.147
N52,VCCCORE,-21.212,-7.147
P44,VCCCORE,-14.812,-6.347
P46,VCCCORE,-16.412,-6.347
P48,VCCCORE,-18.012,-6.347
P50,VCCCORE,-19.612,-6.347
P52,VCCCORE,-21.212,-6.347
R44,VCCCORE,-14.812,-5.547
R45,VCCCORE,-15.612,-5.547
R46,VCCCORE,-16.412,-5.547
R47,VCCCORE,-17.212,-5.547
R48,VCCCORE,-18.012,-5.547
R49,VCCCORE,-18.812,-5.547
R50,VCCCORE,-19.612,-5.547
R51,VCCCORE,-20.412,-5.547
R52,VCCCORE,-21.212,-5.547
T44,VCCCORE,-14.812,-4.747
T46,VCCCORE,-16.412,-4.747
T48,VCCCORE,-18.012,-4.747
T50,VCCCORE,-19.612,-4.747
T52,VCCCORE,-21.212,-4.747
U44,VCCCORE,-14.812,-3.947
U45,VCCCORE,-15.612,-3.947
U46,VCCCORE,-16.412,-3.947
U47,VCCCORE,-17.212,-3.947
U48,VCCCORE,-18.012,-3.947
U49,VCCCORE,-18.812,-3.947
U50,VCCCORE,-19.612,-3.947
U51,VCCCORE,-20.412,-3.947
U52,VCCCORE,-21.212,-3.947
V44,VCCCORE,-14.812,-3.147
V46,VCCCORE,-16.412,-3.147
V48,VCCCORE,-18.012,-3.147
V50,VCCCORE,-19.612,-3.147
V52,VCCCORE,-21.212,-3.147
W44,VCCCORE,-14.812,-2.347
W45,VCCCORE,-15.612,-2.347
W46,VCCCORE,-16.412,-2.347
W47,VCCCORE,-17.212,-2.347
W48,VCCCORE,-18.012,-2.347
W49,VCCCORE,-18.812,-2.347
W50,VCCCORE,-19.612,-2.347
W51,VCCCORE,-20.412,-2.347
W52,VCCCORE,-21.212,-2.347
AG50,VCCGT_SENSE,-19.612,4.053
AA44,VCCGT,-14.812,-0.747
AA46,VCCGT,-16.412,-0.747
AA48,VCCGT,-18.012,-0.747
AA50,VCCGT,-19.612,-0.747
AA52,VCCGT,-21.212,-0.747
AB44,VCCGT,-14.812,0.053
AB45,VCCGT,-15.612,0.053
AB46,VCCGT,-16.412,0.053
AB47,VCCGT,-17.212,0.053
AB48,VCCGT,-18.012,0.053
AB49,VCCGT,-18.812,0.053
AB50,VCCGT,-19.612,0.053
AB51,VCCGT,-20.412,0.053
AB52,VCCGT,-21.212,0.053
AC44,VCCGT,-14.812,0.853
AC46,VCCGT,-16.412,0.853
AC48,VCCGT,-18.012,0.853
AC50,VCCGT,-19.612,0.853
AC52,VCCGT,-21.212,0.853
AD44,VCCGT,-14.812,1.653
AD45,VCCGT,-15.612,1.653
AD46,VCCGT,-16.412,1.653
AD47,VCCGT,-17.212,1.653
AD48,VCCGT,-18.012,1.653
AD49,VCCGT,-18.812,1.653
AD50,VCCGT,-19.612,1.653
AD51,VCCGT,-20.412,1.653
AD52,VCCGT,-21.212,1.653
AE44,VCCGT,-14.812,2.453
AE46,VCCGT,-16.412,2.453
AE48,VCCGT,-18.012,2.453
AE50,VCCGT,-19.612,2.453
AE52,VCCGT,-21.212,2.453
AF44,VCCGT,-14.812,3.253
AF45,VCCGT,-15.612,3.253
AF46,VCCGT,-16.412,3.253
AF47,VCCGT,-17.212,3.253
AF48,VCCGT,-18.012,3.253
AF49,VCCGT,-18.812,3.253
AF50,VCCGT,-19.612,3.253
AF51,VCCGT,-20.412,3.253
AF52,VCCGT,-21.212,3.253
Y44,VCCGT,-14.812,-1.547
Y45,VCCGT,-15.612,-1.547
Y46,VCCGT,-16.412,-1.547
Y47,VCCGT,-17.212,-1.547
Y48,VCCGT,-18.012,-1.547
Y49,VCCGT,-18.812,-1.547
Y50,VCCGT,-19.612,-1.547
Y51,VCCGT,-20.412,-1.547
Y52,VCCGT,-21.212,-1.547
J31,RSVD,-2.788,-11.253
AP42,RSVD,-13.212,9.653
R8,VCC1P05_PROC,15.612,-6.453
R9,VCC1P05_PROC,14.812,-6.453
P9,VCC1P05_PROC,14.812,-7.253
BA30,VDD2_DDR5_SENSE,-3.612,15.253
AM24,VDD2_EDGECAP,1.188,8.053
AM25,VDD2_EDGECAP,0.388,8.053
BA22,VDD2,2.788,15.253
BA23,VDD2,1.988,15.253
BA24,VDD2,1.188,15.253
BA25,VDD2,0.388,15.253
BA26,VDD2,-0.412,15.253
BA27,VDD2,-1.212,15.253
BA28,VDD2,-2.012,15.253
BA29,VDD2,-2.812,15.253
BB15,VDD2,8.388,16.053
BB17,VDD2,6.788,16.053
BB19,VDD2,5.188,16.053
BB21,VDD2,3.588,16.053
BB30,VDD2,-3.612,16.053
BB31,VDD2,-4.412,16.053
BB33,VDD2,-6.012,16.053
BB35,VDD2,-7.612,16.053
BB37,VDD2,-9.212,16.053
J30,RSVD,-1.988,-11.253
AR41,RSVD,-12.412,10.453
J28,RSVD,-0.388,-11.253
AN20,RSVD,4.388,8.853
AJ3,RSVD_TP,19.612,4.747
AJ1,VCC1P8_PROC,21.212,4.747
AJ2,VCC1P8_PROC,20.412,4.747
T8,VCC1P05_PROC_SENSE,15.612,-5.653
T10,VCC1P05_PROC,14.012,-5.653
T9,VCC1P05_PROC,14.812,-5.653
U10,VCC1P05_PROC,14.012,-4.853
U11,VCC1P05_PROC,13.212,-4.853
V11,VCC1P05_PROC,13.212,-4.053
A4,PROC_TRIGIN,18.812,-17.653
A3,PROC_TRIGOUT,19.647,-17.688
B4,THERMTRIP#,18.812,-16.853
H38,RSVD,-8.388,-12.053
J26,RSVD,1.212,-11.253
H37,RSVD,-7.588,-12.053
J25,RSVD,2.012,-11.253
C41,SKTOCC#,-10.788,-16.053
N9,RTC_CLK,14.812,-8.053
P11,RSVD,13.212,-7.253
P10,EKEY,14.012,-7.253
N17,RSVD,8.412,-8.053
N16,RSVD,9.212,-8.053
N13,RSVD,11.612,-8.053
N11,RSVD,13.212,-8.053
N10,RSVD,14.012,-8.053
M17,RSVD,8.412,-8.853
M16,RSVD,9.212,-8.853
M12,RSVD,12.412,-8.853
L11,RSVD,13.212,-9.653
J27,RSVD,0.412,-11.253
H31,RSVD,-2.788,-12.053
H30,RSVD,-1.988,-12.053
D30,RSVD,-1.988,-15.253
C30,RSVD,-1.988,-16.053
AU21,RSVD,3.588,12.053
AR40,RSVD,-11.612,10.453
AR39,RSVD,-10.812,10.453
AR38,RSVD,-10.012,10.453
AR28,RSVD,-2.012,10.453
AP41,RSVD,-12.412,9.653
AP40,RSVD,-11.612,9.653
AP27,RSVD,-1.212,9.653
AP11,RSVD,13.212,8.747
AP10,RSVD,14.012,8.747
AN41,RSVD,-12.412,8.853
AN40,RSVD,-11.612,8.853
C40,PROCHOT#,-9.988,-16.053
K8,PROC_PREQ#,15.612,-10.453
J10,PROC_PRDY#,14.012,-11.253
N8,PM_SYNC,15.612,-8.053
P8,PM_DOWN,15.612,-7.253
B5,RESET#,18.012,-16.853
H17,RSVD_TP,8.412,-12.053
J17,RSVD_TP,8.412,-11.253
A5,PECI,18.012,-17.653
E23,PCIE_X4_TXP[3],3.612,-14.453
E25,PCIE_X4_TXP[2],2.012,-14.453
E27,PCIE_X4_TXP[1],0.412,-14.453
E29,PCIE_X4_TXP[0],-1.188,-14.453
F23,PCIE_X4_TXN[3],3.612,-13.653
F25,PCIE_X4_TXN[2],2.012,-13.653
F27,PCIE_X4_TXN[1],0.412,-13.653
F29,PCIE_X4_TXN[0],-1.188,-13.653
B22,PCIE_X4_RXP[3],4.412,-16.853
B24,PCIE_X4_RXP[2],2.812,-16.853
B26,PCIE_X4_RXP[1],1.212,-16.853
B28,PCIE_X4_RXP[0],-0.388,-16.853
C22,PCIE_X4_RXN[3],4.412,-16.053
C24,PCIE_X4_RXN[2],2.812,-16.053
C26,PCIE_X4_RXN[1],1.212,-16.053
C28,PCIE_X4_RXN[0],-0.388,-16.053
T11,RSVD_TP,13.212,-5.653
R11,RSVD_TP,13.212,-6.453
H5,PCIE_X16_TXP[9],18.012,-12.053
F5,PCIE_X16_TXP[8],18.012,-13.653
D5,PCIE_X16_TXP[7],18.012,-15.253
E9,PCIE_X16_TXP[6],14.812,-14.453
E11,PCIE_X16_TXP[5],13.212,-14.453
E13,PCIE_X16_TXP[4],11.612,-14.453
E15,PCIE_X16_TXP[3],10.012,-14.453
E17,PCIE_X16_TXP[2],8.412,-14.453
Y5,PCIE_X16_TXP[15],18.012,-2.453
V5,PCIE_X16_TXP[14],18.012,-4.053
T5,PCIE_X16_TXP[13],18.012,-5.653
P5,PCIE_X16_TXP[12],18.012,-7.253
M5,PCIE_X16_TXP[11],18.012,-8.853
K5,PCIE_X16_TXP[10],18.012,-10.453
E19,PCIE_X16_TXP[1],6.812,-14.453
E21,PCIE_X16_TXP[0],5.212,-14.453
H6,PCIE_X16_TXN[9],17.212,-12.053
F6,PCIE_X16_TXN[8],17.212,-13.653
D6,PCIE_X16_TXN[7],17.212,-15.253
F9,PCIE_X16_TXN[6],14.812,-13.653
F11,PCIE_X16_TXN[5],13.212,-13.653
F13,PCIE_X16_TXN[4],11.612,-13.653
F15,PCIE_X16_TXN[3],10.012,-13.653
F17,PCIE_X16_TXN[2],8.412,-13.653
Y6,PCIE_X16_TXN[15],17.212,-2.453
V6,PCIE_X16_TXN[14],17.212,-4.053
T6,PCIE_X16_TXN[13],17.212,-5.653
P6,PCIE_X16_TXN[12],17.212,-7.253
M6,PCIE_X16_TXN[11],17.212,-8.853
K6,PCIE_X16_TXN[10],17.212,-10.453
F19,PCIE_X16_TXN[1],6.812,-13.653
F21,PCIE_X16_TXN[0],5.212,-13.653
G2,PCIE_X16_RXP[9],20.412,-12.853
E2,PCIE_X16_RXP[8],20.412,-14.453
C2,PCIE_X16_RXP[7],20.412,-16.053
B8,PCIE_X16_RXP[6],15.612,-16.853
B10,PCIE_X16_RXP[5],14.012,-16.853
B12,PCIE_X16_RXP[4],12.412,-16.853
B14,PCIE_X16_RXP[3],10.812,-16.853
B16,PCIE_X16_RXP[2],9.212,-16.853
W2,PCIE_X16_RXP[15],20.412,-3.253
U2,PCIE_X16_RXP[14],20.412,-4.853
R2,PCIE_X16_RXP[13],20.412,-6.453
N2,PCIE_X16_RXP[12],20.412,-8.053
L2,PCIE_X16_RXP[11],20.412,-9.653
J2,PCIE_X16_RXP[10],20.412,-11.253
B18,PCIE_X16_RXP[1],7.612,-16.853
B20,PCIE_X16_RXP[0],6.012,-16.853
G3,PCIE_X16_RXN[9],19.612,-12.853
E3,PCIE_X16_RXN[8],19.612,-14.453
C3,PCIE_X16_RXN[7],19.612,-16.053
C8,PCIE_X16_RXN[6],15.612,-16.053
C10,PCIE_X16_RXN[5],14.012,-16.053
C12,PCIE_X16_RXN[4],12.412,-16.053
C14,PCIE_X16_RXN[3],10.812,-16.053
C16,PCIE_X16_RXN[2],9.212,-16.053
W3,PCIE_X16_RXN[15],19.612,-3.253
U3,PCIE_X16_RXN[14],19.612,-4.853
R3,PCIE_X16_RXN[13],19.612,-6.453
N3,PCIE_X16_RXN[12],19.612,-8.053
L3,PCIE_X16_RXN[11],19.612,-9.653
J3,PCIE_X16_RXN[10],19.612,-11.253
C18,PCIE_X16_RXN[1],7.612,-16.053
C20,PCIE_X16_RXN[0],6.012,-16.053
AE4,RSVD_TP,18.812,1.547
AC4,RSVD_TP,18.812,-0.053
Y10,PCI_BCLKP,14.012,-2.453
AA10,PCI_BCLKN,14.012,-1.653
J14,CFG[9],10.812,-11.253
K13,CFG[8],11.612,-10.453
L13,CFG[7],11.612,-9.653
J13,CFG[6],11.612,-11.253
H11,CFG[5],13.212,-12.053
H12,CFG[4],12.412,-12.053
J12,CFG[3],12.412,-11.253
J11,CFG[2],13.212,-11.253
K15,CFG[15],10.012,-10.453
L15,CFG[14],10.012,-9.653
J15,CFG[13],10.012,-11.253
L14,CFG[12],10.812,-9.653
H14,CFG[11],10.812,-12.053
H13,CFG[10],11.612,-12.053
L12,CFG[1],12.412,-9.653
H10,CFG[0],14.012,-12.053
H15,CFG[17],10.012,-12.053
K11,CFG[16],13.212,-10.453
L9,BPM#[3],14.812,-9.653
M10,BPM#[2],14.012,-8.853
M8,BPM#[1],15.612,-8.853
L8,BPM#[0],15.612,-9.653
L17,RSVD,8.412,-9.653
L16,RSVD,9.212,-9.653
G38,RSVD,-8.388,-12.853
H25,RSVD,2.012,-12.053
AP15,RSVD_TP,8.388,9.653
AN34,RSVD_TP,-6.812,8.853
AP16,RSVD_TP,7.588,9.653
K34,RSVD_TP,-5.188,-10.453
AN42,RSVD_TP,-13.212,8.853
N12,VCC_CFG_PU_OUT,12.412,-8.053
H29,IST_TP[1],-1.188,-12.053
G30,IST_TP[0],-1.988,-12.853
H28,RSVD_TP,-0.388,-12.053
K9,EAR#,14.812,-10.453
H16,DISP_UTILS_2,9.212,-12.053
AA1,DMI_TXP[7],21.212,-1.653
AB2,DMI_TXP[6],20.412,-0.853
AC1,DMI_TXP[5],21.212,-0.053
AD2,DMI_TXP[4],20.412,0.747
AE1,DMI_TXP[3],21.212,1.547
AF2,DMI_TXP[2],20.412,2.347
AG1,DMI_TXP[1],21.212,3.147
AH2,DMI_TXP[0],20.412,3.947
AA2,DMI_TXN[7],20.412,-1.653
AB3,DMI_TXN[6],19.612,-0.853
AC2,DMI_TXN[5],20.412,-0.053
AD3,DMI_TXN[4],19.612,0.747
AE2,DMI_TXN[3],20.412,1.547
AF3,DMI_TXN[2],19.612,2.347
AG2,DMI_TXN[1],20.412,3.147
AH3,DMI_TXN[0],19.612,3.947
AB5,DMI_RXP[7],18.012,-0.853
AC6,DMI_RXP[6],17.212,-0.053
AD5,DMI_RXP[5],18.012,0.747
AE6,DMI_RXP[4],17.212,1.547
AF5,DMI_RXP[3],18.012,2.347
AG6,DMI_RXP[2],17.212,3.147
AH5,DMI_RXP[1],18.012,3.947
AJ6,DMI_RXP[0],17.212,4.747
AB6,DMI_RXN[7],17.212,-0.853
AC7,DMI_RXN[6],16.412,-0.053
AD6,DMI_RXN[5],17.212,0.747
AE7,DMI_RXN[4],16.412,1.547
AF6,DMI_RXN[3],17.212,2.347
AG7,DMI_RXN[2],16.412,3.147
AH6,DMI_RXN[1],17.212,3.947
AJ7,DMI_RXN[0],16.412,4.747
AG4,RSVD,18.812,3.147
AJ4,RSVD,18.812,4.747
K17,DISP_UTILS_1,8.412,-10.453
H32,DDIE_TXP[3],-3.588,-12.053
J33,DDIE_TXP[2],-4.388,-11.253
J35,DDIE_TXP[1],-5.988,-11.253
H34,DDIE_TXP[0],-5.188,-12.053
G32,DDIE_TXN[3],-3.588,-12.853
H33,DDIE_TXN[2],-4.388,-12.053
H35,DDIE_TXN[1],-5.988,-12.053
G34,DDIE_TXN[0],-5.188,-12.853
H36,DDIE_AUXP,-6.788,-12.053
G36,DDIE_AUXN,-6.788,-12.853
B35,DDID_TXP[3],-5.988,-16.853
A36,DDID_TXP[2],-6.788,-17.653
B37,DDID_TXP[1],-7.588,-16.853
A38,DDID_TXP[0],-8.388,-17.653
C35,DDID_TXN[3],-5.988,-16.053
B36,DDID_TXN[2],-6.788,-16.853
C37,DDID_TXN[1],-7.588,-16.053
B38,DDID_TXN[0],-8.388,-16.853
H27,RSVD,0.412,-12.053
B39,DDID_AUXP,-9.188,-16.853
C39,DDID_AUXN,-9.188,-16.053
E36,DDIC_TXP[3],-6.788,-14.453
F37,DDIC_TXP[2],-7.588,-13.653
F39,DDIC_TXP[1],-9.188,-13.653
E38,DDIC_TXP[0],-8.388,-14.453
D36,DDIC_TXN[3],-6.788,-15.253
E37,DDIC_TXN[2],-7.588,-14.453
E39,DDIC_TXN[1],-9.188,-14.453
D38,DDIC_TXN[0],-8.388,-15.253
E40,DDIC_AUXP,-9.988,-14.453
D40,DDIC_AUXN,-9.988,-15.253
A30,DDIB_TXP[3],-1.988,-17.653
B31,DDIB_TXP[2],-2.788,-16.853
A32,DDIB_TXP[1],-3.588,-17.653
B33,DDIB_TXP[0],-4.388,-16.853
B30,DDIB_TXN[3],-1.988,-16.853
C31,DDIB_TXN[2],-2.788,-16.053
B32,DDIB_TXN[1],-3.588,-16.853
C33,DDIB_TXN[0],-4.388,-16.053
A34,DDIB_AUXP,-5.188,-17.653
B34,DDIB_AUXN,-5.188,-16.853
F31,DDIA_TXP[3],-2.788,-13.653
E32,DDIA_TXP[2],-3.588,-14.453
F33,DDIA_TXP[1],-4.388,-13.653
E34,DDIA_TXP[0],-5.188,-14.453
E31,DDIA_TXN[3],-2.788,-14.453
D32,DDIA_TXN[2],-3.588,-15.253
E33,DDIA_TXN[1],-4.388,-14.453
D34,DDIA_TXN[0],-5.188,-15.253
H26,RSVD,1.212,-12.053
F35,DDIA_AUXP,-5.988,-13.653
E35,DDIA_AUXN,-5.988,-14.453
A6,PROCPWRGD,17.212,-17.653
H9,PROC_JTAG_TRST#,14.812,-12.053
J8,PROC_TMS,15.612,-11.253
J9,PROC_TDO,14.812,-11.253
L10,PROC_TDI,14.012,-9.653
H8,PROC_TCK,15.612,-12.053
G31,CPU_ID,-2.788,-12.853
K36,VSS,-6.788,-10.453
J37,VSS,-7.588,-11.253
N15,PROC_AUDOUT,10.012,-8.053
N14,PROC_AUDIN,10.812,-8.053
M14,PROC_AUDCLK,10.812,-8.853
Y8,CLK_NSSC_P,15.612,-2.453
AA8,CLK_NSSC_N,15.612,-1.653
J16,CATERR#,9.212,-11.253
V9,BCLK_P,14.812,-4.053
V8,BCLK_N,15.612,-4.053
AR18,NC/NC/DDR3_DQSP4,5.988,10.453
BC13,NC/NC/DDR1_DQSP4,9.988,16.853
AT35,DDR1_DQSP8/DDR1_DQSP8/DDR2_DQSP4,-7.612,11.253
AM8,DDR1_DQSP7/DDR1_DQSP7/DDR3_DQSP3,15.612,7.147
AT8,DDR1_DQSP6/DDR1_DQSP6/DDR3_DQSP2,15.612,10.347
AT10,DDR1_DQSP5/DDR1_DQSP3/DDR3_DQSP1,14.012,10.347
AT15,DDR1_DQSP4/DDR1_DQSP2/DDR3_DQSP0,8.388,11.253
AU40,DDR1_DQSP3/DDR0_DQSP7/DDR2_DQSP3,-11.612,12.053
AU45,DDR1_DQSP2/DDR0_DQSP6/DDR2_DQSP2,-15.612,12.053
AP44,DDR1_DQSP1/DDR0_DQSP3/DDR2_DQSP1,-14.812,9.653
AK45,DDR1_DQSP0/DDR0_DQSP2/DDR2_DQSP0,-15.612,6.453
BA40,DDR0_DQSP8/DDR0_DQSP8/DDR0_DQSP4,-11.612,15.253
AM4,DDR0_DQSP7/DDR1_DQSP5/DDR1_DQSP3,18.812,7.147
AU4,DDR0_DQSP6/DDR1_DQSP4/DDR1_DQSP2,18.812,11.147
BA4,DDR0_DQSP5/DDR1_DQSP1/DDR1_DQSP1,18.812,14.347
BA8,DDR0_DQSP4/DDR1_DQSP0/DDR1_DQSP0,15.612,14.347
BA45,DDR0_DQSP3/DDR0_DQSP5/DDR0_DQSP3,-15.612,15.253
BA49,DDR0_DQSP2/DDR0_DQSP4/DDR0_DQSP2,-18.812,15.253
AU49,DDR0_DQSP1/DDR0_DQSP1/DDR0_DQSP1,-18.812,12.053
AM49,DDR0_DQSP0/DDR0_DQSP0/DDR0_DQSP0,-18.812,8.053
AR19,NC/NC/DDR3_DQSN4,5.188,10.453
BD13,NC/NC/DDR1_DQSN4,9.988,17.653
AT36,DDR1_DQSN8/DDR1_DQSN8/DDR2_DQSN4,-8.412,11.253
AN8,DDR1_DQSN7/DDR1_DQSN7/DDR3_DQSN3,15.612,7.947
AU8,DDR1_DQSN6/DDR1_DQSN6/DDR3_DQSN2,15.612,11.147
AT11,DDR1_DQSN5/DDR1_DQSN3/DDR3_DQSN1,13.212,10.347
AT16,DDR1_DQSN4/DDR1_DQSN2/DDR3_DQSN0,7.588,11.253
AU41,DDR1_DQSN3/DDR0_DQSN7/DDR2_DQSN3,-12.412,12.053
AU46,DDR1_DQSN2/DDR0_DQSN6/DDR2_DQSN2,-16.412,12.053
AN44,DDR1_DQSN1/DDR0_DQSN3/DDR2_DQSN1,-14.812,8.853
AJ45,DDR1_DQSN0/DDR0_DQSN2/DDR2_DQSN0,-15.612,5.653
BA41,DDR0_DQSN8/DDR0_DQSN8/DDR0_DQSN4,-12.412,15.253
AN4,DDR0_DQSN7/DDR1_DQSN5/DDR1_DQSN3,18.812,7.947
AV4,DDR0_DQSN6/DDR1_DQSN4/DDR1_DQSN2,18.812,11.947
BA5,DDR0_DQSN5/DDR1_DQSN1/DDR1_DQSN1,18.012,14.347
BA9,DDR0_DQSN4/DDR1_DQSN0/DDR1_DQSN0,14.812,14.347
BA46,DDR0_DQSN3/DDR0_DQSN5/DDR0_DQSN3,-16.412,15.253
AY49,DDR0_DQSN2/DDR0_DQSN4/DDR0_DQSN2,-18.812,14.453
AT49,DDR0_DQSN1/DDR0_DQSN1/DDR0_DQSN1,-18.812,11.253
AL49,DDR0_DQSN0/DDR0_DQSN0/DDR0_DQSN0,-18.812,7.253
AV18,NC/NC/DDR3_DQ4[3],5.988,12.853
AU18,NC/NC/DDR3_DQ4[2],5.988,12.053
AW18,NC/NC/DDR3_DQ4[1],5.988,13.653
AT18,NC/NC/DDR3_DQ4[0],5.988,11.253
BA13,NC/NC/DDR1_DQ4[3],9.988,15.253
BA12,NC/NC/DDR1_DQ4[2],12.412,14.347
BC12,NC/NC/DDR1_DQ4[1],12.412,15.947
BB12,NC/NC/DDR1_DQ4[0],12.412,15.147
AU35,DDR1_DQ8[7]/DDR1_DQ8[7]/NC,-7.612,12.053
AV35,DDR1_DQ8[6]/DDR1_DQ8[6]/NC,-7.612,12.853
AW36,DDR1_DQ8[5]/DDR1_DQ8[5]/NC,-8.412,13.653
AW35,DDR1_DQ8[4]/DDR1_DQ8[4]/NC,-7.612,13.653
AV37,DDR1_DQ8[3]/DDR1_DQ8[3]/DDR2_DQ4[3],-9.212,12.853
AW37,DDR1_DQ8[2]/DDR1_DQ8[2]/DDR2_DQ4[2],-9.212,13.653
AU37,DDR1_DQ8[1]/DDR1_DQ8[1]/DDR2_DQ4[1],-9.212,12.053
AT37,DDR1_DQ8[0]/DDR1_DQ8[0]/DDR2_DQ4[0],-9.212,11.253
AL7,DDR1_DQ7[7]/DDR1_DQ7[7]/DDR3_DQ3[7],16.412,6.347
AM6,DDR1_DQ7[6]/DDR1_DQ7[6]/DDR3_DQ3[6],17.212,7.147
AL6,DDR1_DQ7[5]/DDR1_DQ7[5]/DDR3_DQ3[5],17.212,6.347
AL8,DDR1_DQ7[4]/DDR1_DQ7[4]/DDR3_DQ3[4],15.612,6.347
AP6,DDR1_DQ7[3]/DDR1_DQ7[3]/DDR3_DQ3[3],17.212,8.747
AN6,DDR1_DQ7[2]/DDR1_DQ7[2]/DDR3_DQ3[2],17.212,7.947
AP7,DDR1_DQ7[1]/DDR1_DQ7[1]/DDR3_DQ3[1],16.412,8.747
AP8,DDR1_DQ7[0]/DDR1_DQ7[0]/DDR3_DQ3[0],15.612,8.747
AT7,DDR1_DQ6[7]/DDR1_DQ6[7]/DDR3_DQ2[7],16.412,10.347
AT6,DDR1_DQ6[6]/DDR1_DQ6[6]/DDR3_DQ2[6],17.212,10.347
AV6,DDR1_DQ6[5]/DDR1_DQ6[5]/DDR3_DQ2[5],17.212,11.947
AU6,DDR1_DQ6[4]/DDR1_DQ6[4]/DDR3_DQ2[4],17.212,11.147
AW6,DDR1_DQ6[3]/DDR1_DQ6[3]/DDR3_DQ2[3],17.212,12.747
AV8,DDR1_DQ6[2]/DDR1_DQ6[2]/DDR3_DQ2[2],15.612,11.947
AW8,DDR1_DQ6[1]/DDR1_DQ6[1]/DDR3_DQ2[1],15.612,12.747
AW7,DDR1_DQ6[0]/DDR1_DQ6[0]/DDR3_DQ2[0],16.412,12.747
AW10,DDR1_DQ5[7]/DDR1_DQ3[7]/DDR3_DQ1[7],14.012,12.747
AV10,DDR1_DQ5[6]/DDR1_DQ3[6]/DDR3_DQ1[6],14.012,11.947
AW11,DDR1_DQ5[5]/DDR1_DQ3[5]/DDR3_DQ1[5],13.212,12.747
AU10,DDR1_DQ5[4]/DDR1_DQ3[4]/DDR3_DQ1[4],14.012,11.147
AT12,DDR1_DQ5[3]/DDR1_DQ3[3]/DDR3_DQ1[3],12.412,10.347
AU12,DDR1_DQ5[2]/DDR1_DQ3[2]/DDR3_DQ1[2],12.412,11.147
AW12,DDR1_DQ5[1]/DDR1_DQ3[1]/DDR3_DQ1[1],12.412,12.747
AV12,DDR1_DQ5[0]/DDR1_DQ3[0]/DDR3_DQ1[0],12.412,11.947
AT14,DDR1_DQ4[7]/DDR1_DQ2[7]/DDR3_DQ0[7],9.188,11.253
AU14,DDR1_DQ4[6]/DDR1_DQ2[6]/DDR3_DQ0[6],9.188,12.053
AW14,DDR1_DQ4[5]/DDR1_DQ2[5]/DDR3_DQ0[5],9.188,13.653
AV14,DDR1_DQ4[4]/DDR1_DQ2[4]/DDR3_DQ0[4],9.188,12.853
AW15,DDR1_DQ4[3]/DDR1_DQ2[3]/DDR3_DQ0[3],8.388,13.653
AU16,DDR1_DQ4[2]/DDR1_DQ2[2]/DDR3_DQ0[2],7.588,12.053
AW16,DDR1_DQ4[1]/DDR1_DQ2[1]/DDR3_DQ0[1],7.588,13.653
AV16,DDR1_DQ4[0]/DDR1_DQ2[0]/DDR3_DQ0[0],7.588,12.853
AW40,DDR1_DQ3[7]/DDR0_DQ7[7]/DDR2_DQ3[7],-11.612,13.653
AW39,DDR1_DQ3[6]/DDR0_DQ7[6]/DDR2_DQ3[6],-10.812,13.653
AU39,DDR1_DQ3[5]/DDR0_DQ7[5]/DDR2_DQ3[5],-10.812,12.053
AV39,DDR1_DQ3[4]/DDR0_DQ7[4]/DDR2_DQ3[4],-10.812,12.853
AW42,DDR1_DQ3[3]/DDR0_DQ7[3]/DDR2_DQ3[3],-13.212,13.653
AW41,DDR1_DQ3[2]/DDR0_DQ7[2]/DDR2_DQ3[2],-12.412,13.653
AV42,DDR1_DQ3[1]/DDR0_DQ7[1]/DDR2_DQ3[1],-13.212,12.853
AU42,DDR1_DQ3[0]/DDR0_DQ7[0]/DDR2_DQ3[0],-13.212,12.053
AW45,DDR1_DQ2[7]/DDR0_DQ6[7]/DDR2_DQ2[7],-15.612,13.653
AW44,DDR1_DQ2[6]/DDR0_DQ6[6]/DDR2_DQ2[6],-14.812,13.653
AV44,DDR1_DQ2[5]/DDR0_DQ6[5]/DDR2_DQ2[5],-14.812,12.853
AW46,DDR1_DQ2[4]/DDR0_DQ6[4]/DDR2_DQ2[4],-16.412,13.653
AW47,DDR1_DQ2[3]/DDR0_DQ6[3]/DDR2_DQ2[3],-17.212,13.653
AU44,DDR1_DQ2[2]/DDR0_DQ6[2]/DDR2_DQ2[2],-14.812,12.053
AU47,DDR1_DQ2[1]/DDR0_DQ6[1]/DDR2_DQ2[1],-17.212,12.053
AV47,DDR1_DQ2[0]/DDR0_DQ6[0]/DDR2_DQ2[0],-17.212,12.853
AR45,DDR1_DQ1[7]/DDR0_DQ3[7]/DDR2_DQ1[7],-15.612,10.453
AR44,DDR1_DQ1[6]/DDR0_DQ3[6]/DDR2_DQ1[6],-14.812,10.453
AR47,DDR1_DQ1[5]/DDR0_DQ3[5]/DDR2_DQ1[5],-17.212,10.453
AR46,DDR1_DQ1[4]/DDR0_DQ3[4]/DDR2_DQ1[4],-16.412,10.453
AN46,DDR1_DQ1[3]/DDR0_DQ3[3]/DDR2_DQ1[3],-16.412,8.853
AN45,DDR1_DQ1[2]/DDR0_DQ3[2]/DDR2_DQ1[2],-15.612,8.853
AN47,DDR1_DQ1[1]/DDR0_DQ3[1]/DDR2_DQ1[1],-17.212,8.853
AP47,DDR1_DQ1[0]/DDR0_DQ3[0]/DDR2_DQ1[0],-17.212,9.653
AL45,DDR1_DQ0[7]/DDR0_DQ2[7]/DDR2_DQ0[7],-15.612,7.253
AL46,DDR1_DQ0[6]/DDR0_DQ2[6]/DDR2_DQ0[6],-16.412,7.253
AK47,DDR1_DQ0[5]/DDR0_DQ2[5]/DDR2_DQ0[5],-17.212,6.453
AL47,DDR1_DQ0[4]/DDR0_DQ2[4]/DDR2_DQ0[4],-17.212,7.253
AH47,DDR1_DQ0[3]/DDR0_DQ2[3]/DDR2_DQ0[3],-17.212,4.853
AJ47,DDR1_DQ0[2]/DDR0_DQ2[2]/DDR2_DQ0[2],-17.212,5.653
AH45,DDR1_DQ0[1]/DDR0_DQ2[1]/DDR2_DQ0[1],-15.612,4.853
AH46,DDR1_DQ0[0]/DDR0_DQ2[0]/DDR2_DQ0[0],-16.412,4.853
BC40,DDR0_DQ8[7]/DDR0_DQ8[7]/NC,-11.612,16.853
BC39,DDR0_DQ8[6]/DDR0_DQ8[6]/NC,-10.812,16.853
BA39,DDR0_DQ8[5]/DDR0_DQ8[5]/NC,-10.812,15.253
BB39,DDR0_DQ8[4]/DDR0_DQ8[4]/NC,-10.812,16.053
BC42,DDR0_DQ8[3]/DDR0_DQ8[3]/DDR0_DQ4[3],-13.212,16.853
BC41,DDR0_DQ8[2]/DDR0_DQ8[2]/DDR0_DQ4[2],-12.412,16.853
BA42,DDR0_DQ8[1]/DDR0_DQ8[1]/DDR0_DQ4[1],-13.212,15.253
BB42,DDR0_DQ8[0]/DDR0_DQ8[0]/DDR0_DQ4[0],-13.212,16.053
AM2,DDR0_DQ7[7]/DDR1_DQ5[7]/DDR1_DQ3[7],20.412,7.147
AL2,DDR0_DQ7[6]/DDR1_DQ5[6]/DDR1_DQ3[6],20.412,6.347
AL3,DDR0_DQ7[5]/DDR1_DQ5[5]/DDR1_DQ3[5],19.612,6.347
AL4,DDR0_DQ7[4]/DDR1_DQ5[4]/DDR1_DQ3[4],18.812,6.347
AP2,DDR0_DQ7[3]/DDR1_DQ5[3]/DDR1_DQ3[3],20.412,8.747
AN2,DDR0_DQ7[2]/DDR1_DQ5[2]/DDR1_DQ3[2],20.412,7.947
AP4,DDR0_DQ7[1]/DDR1_DQ5[1]/DDR1_DQ3[1],18.812,8.747
AP3,DDR0_DQ7[0]/DDR1_DQ5[0]/DDR1_DQ3[0],19.612,8.747
AU2,DDR0_DQ6[7]/DDR1_DQ4[7]/DDR1_DQ2[7],20.412,11.147
AT2,DDR0_DQ6[6]/DDR1_DQ4[6]/DDR1_DQ2[6],20.412,10.347
AT4,DDR0_DQ6[5]/DDR1_DQ4[5]/DDR1_DQ2[5],18.812,10.347
AT3,DDR0_DQ6[4]/DDR1_DQ4[4]/DDR1_DQ2[4],19.612,10.347
AW2,DDR0_DQ6[3]/DDR1_DQ4[3]/DDR1_DQ2[3],20.412,12.747
AV2,DDR0_DQ6[2]/DDR1_DQ4[2]/DDR1_DQ2[2],20.412,11.947
AW4,DDR0_DQ6[1]/DDR1_DQ4[1]/DDR1_DQ2[1],18.812,12.747
AW3,DDR0_DQ6[0]/DDR1_DQ4[0]/DDR1_DQ2[0],19.612,12.747
BA2,DDR0_DQ5[7]/DDR1_DQ1[7]/DDR1_DQ1[7],20.412,14.347
BA1,DDR0_DQ5[6]/DDR1_DQ1[6]/DDR1_DQ1[6],21.212,14.347
BA3,DDR0_DQ5[5]/DDR1_DQ1[5]/DDR1_DQ1[5],19.612,14.347
BB2,DDR0_DQ5[4]/DDR1_DQ1[4]/DDR1_DQ1[4],20.412,15.147
BC4,DDR0_DQ5[3]/DDR1_DQ1[3]/DDR1_DQ1[3],18.812,15.947
BB5,DDR0_DQ5[2]/DDR1_DQ1[2]/DDR1_DQ1[2],18.012,15.147
BD4,DDR0_DQ5[1]/DDR1_DQ1[1]/DDR1_DQ1[1],18.812,16.747
BC5,DDR0_DQ5[0]/DDR1_DQ1[0]/DDR1_DQ1[0],18.012,15.947
BA7,DDR0_DQ4[7]/DDR1_DQ0[7]/DDR1_DQ0[7],16.412,14.347
BC7,DDR0_DQ4[6]/DDR1_DQ0[6]/DDR1_DQ0[6],16.412,15.947
BC8,DDR0_DQ4[5]/DDR1_DQ0[5]/DDR1_DQ0[5],15.612,15.947
BB7,DDR0_DQ4[4]/DDR1_DQ0[4]/DDR1_DQ0[4],16.412,15.147
BB10,DDR0_DQ4[3]/DDR1_DQ0[3]/DDR1_DQ0[3],14.012,15.147
BA10,DDR0_DQ4[2]/DDR1_DQ0[2]/DDR1_DQ0[2],14.012,14.347
BC10,DDR0_DQ4[1]/DDR1_DQ0[1]/DDR1_DQ0[1],14.012,15.947
BC9,DDR0_DQ4[0]/DDR1_DQ0[0]/DDR1_DQ0[0],14.812,15.947
BC45,DDR0_DQ3[7]/DDR0_DQ5[7]/DDR0_DQ3[7],-15.612,16.853
BC44,DDR0_DQ3[6]/DDR0_DQ5[6]/DDR0_DQ3[6],-14.812,16.853
BA44,DDR0_DQ3[5]/DDR0_DQ5[5]/DDR0_DQ3[5],-14.812,15.253
BB44,DDR0_DQ3[4]/DDR0_DQ5[4]/DDR0_DQ3[4],-14.812,16.053
BC47,DDR0_DQ3[3]/DDR0_DQ5[3]/DDR0_DQ3[3],-17.212,16.853
BC46,DDR0_DQ3[2]/DDR0_DQ5[2]/DDR0_DQ3[2],-16.412,16.853
BB47,DDR0_DQ3[1]/DDR0_DQ5[1]/DDR0_DQ3[1],-17.212,16.053
BA47,DDR0_DQ3[0]/DDR0_DQ5[0]/DDR0_DQ3[0],-17.212,15.253
BC49,DDR0_DQ2[7]/DDR0_DQ4[7]/DDR0_DQ2[7],-18.812,16.853
BD49,DDR0_DQ2[6]/DDR0_DQ4[6]/DDR0_DQ2[6],-18.812,17.653
BC50,DDR0_DQ2[5]/DDR0_DQ4[5]/DDR0_DQ2[5],-19.612,16.853
BB49,DDR0_DQ2[4]/DDR0_DQ4[4]/DDR0_DQ2[4],-18.812,16.053
BA52,DDR0_DQ2[3]/DDR0_DQ4[3]/DDR0_DQ2[3],-21.212,15.253
BA51,DDR0_DQ2[2]/DDR0_DQ4[2]/DDR0_DQ2[2],-20.412,15.253
AY51,DDR0_DQ2[1]/DDR0_DQ4[1]/DDR0_DQ2[1],-20.412,14.453
AY50,DDR0_DQ2[0]/DDR0_DQ4[0]/DDR0_DQ2[0],-19.612,14.453
AV50,DDR0_DQ1[7]/DDR0_DQ1[7]/DDR0_DQ1[7],-19.612,12.853
AV49,DDR0_DQ1[6]/DDR0_DQ1[6]/DDR0_DQ1[6],-18.812,12.853
AU51,DDR0_DQ1[5]/DDR0_DQ1[5]/DDR0_DQ1[5],-20.412,12.053
AV51,DDR0_DQ1[4]/DDR0_DQ1[4]/DDR0_DQ1[4],-20.412,12.853
AR50,DDR0_DQ1[3]/DDR0_DQ1[3]/DDR0_DQ1[3],-19.612,10.453
AR49,DDR0_DQ1[2]/DDR0_DQ1[2]/DDR0_DQ1[2],-18.812,10.453
AR51,DDR0_DQ1[1]/DDR0_DQ1[1]/DDR0_DQ1[1],-20.412,10.453
AT51,DDR0_DQ1[0]/DDR0_DQ1[0]/DDR0_DQ1[0],-20.412,11.253
AN50,DDR0_DQ0[7]/DDR0_DQ0[7]/DDR0_DQ0[7],-19.612,8.853
AN49,DDR0_DQ0[6]/DDR0_DQ0[6]/DDR0_DQ0[6],-18.812,8.853
AM51,DDR0_DQ0[5]/DDR0_DQ0[5]/DDR0_DQ0[5],-20.412,8.053
AN51,DDR0_DQ0[4]/DDR0_DQ0[4]/DDR0_DQ0[4],-20.412,8.853
AK50,DDR0_DQ0[3]/DDR0_DQ0[3]/DDR0_DQ0[3],-19.612,6.453
AK49,DDR0_DQ0[2]/DDR0_DQ0[2]/DDR0_DQ0[2],-18.812,6.453
AK51,DDR0_DQ0[1]/DDR0_DQ0[1]/DDR0_DQ0[1],-20.412,6.453
AL51,DDR0_DQ0[0]/DDR0_DQ0[0]/DDR0_DQ0[0],-20.412,7.253
AU20,NC/DDR3_CS3,4.388,12.053
AV20,NC/DDR3_CS2,4.388,12.853
AP22,NC/DDR3_CLKP3,2.788,9.653
AR21,NC/DDR3_CLKP2,3.588,10.453
AP21,NC/DDR3_CLKN3,3.588,9.653
AT21,NC/DDR3_CLKN2,3.588,11.253
AW33,NC/DDR2_CS2,-6.012,13.653
AP32,NC/DDR2_CLKP3,-5.212,9.653
AR33,NC/DDR2_CLKP2,-6.012,10.453
AP33,NC/DDR2_CLKN3,-6.012,9.653
AT33,NC/DDR2_CLKN2,-6.012,11.253
BA15,NC/DDR1_CS3,8.388,15.253
BC15,NC/DDR1_CS2,8.388,16.853
AP24,NC/DDR1_CLKP3,1.188,9.653
AR23,NC/DDR1_CLKP2,1.988,10.453
AR24,NC/DDR1_CLKN3,1.188,10.453
AT23,NC/DDR1_CLKN2,1.988,11.253
BC37,NC/DDR0_CS2,-9.212,16.853
AP30,NC/DDR0_CLKP3,-3.612,9.653
AR31,NC/DDR0_CLKP2,-4.412,10.453
AR30,NC/DDR0_CLKN3,-3.612,10.453
AT31,NC/DDR0_CLKN2,-4.412,11.253
AR27,DDR1_PAR/NC,-1.212,10.453
AW20,DDR1_ODT3/NC,4.388,13.653
AR26,DDR1_ODT2/DDR3_CA1,-0.412,10.453
AW21,DDR1_ODT1/DDR3_CS1,3.588,13.653
AW24,DDR1_ODT0/DDR3_CA3,1.188,13.653
AV30,DDR1_MA9/DDR2_CA4,-3.612,12.853
AW29,DDR1_MA8/DDR2_CA7,-2.812,13.653
AW30,DDR1_MA7/DDR2_CA6,-3.612,13.653
AV28,DDR1_MA6/DDR2_CA8,-2.012,12.853
AU28,DDR1_MA5/DDR2_CA9,-2.012,12.053
AU27,DDR1_MA4/DDR2_CA10,-1.212,12.053
AW28,DDR1_MA3/DDR2_CA11,-2.012,13.653
AT27,DDR1_MA2/NC,-1.212,11.253
AW26,DDR1_MA16/DDR3_CA8,-0.412,13.653
AW23,DDR1_MA15/DDR3_CA4,1.988,13.653
AT25,DDR1_MA14/DDR3_CA7,0.388,11.253
AU23,DDR1_MA13/DDR3_CA2,1.988,12.053
AU30,DDR1_MA12/DDR2_CA3,-3.612,12.053
AU29,DDR1_MA11/DDR2_CA5,-2.812,12.053
AU25,DDR1_MA10/DDR3_CA10,0.388,12.053
AW27,DDR1_MA1/DDR2_CA12,-1.212,13.653
AU26,DDR1_MA0/DDR3_CA12,-0.412,12.053
AW22,DDR1_CS3/DDR3_CS0,2.788,13.653
AU24,DDR1_CS2/DDR3_CA5,1.188,12.053
AU22,DDR1_CS1/DDR3_CA0,2.788,12.053
AV24,DDR1_CS0/DDR3_CA6,1.188,12.853
BD25,DDR1_CLKP3/DDR3_CLKP1,0.388,17.653
BC24,DDR1_CLKP2/DDR3_CLKP0,1.188,16.853
BC26,DDR1_CLKP1/DDR2_CLKP1,-0.412,16.853
BD27,DDR1_CLKP0/DDR2_CLKP0,-1.212,17.653
BC25,DDR1_CLKN3/DDR3_CLKN1,0.388,16.853
BB24,DDR1_CLKN2/DDR3_CLKN0,1.188,16.053
BB26,DDR1_CLKN1/DDR2_CLKN1,-0.412,16.053
BC27,DDR1_CLKN0/DDR2_CLKN0,-1.212,16.853
AV33,DDR1_CKE3/NC,-6.012,12.853
AT29,DDR1_CKE2/DDR2_CS1,-2.812,11.253
AU32,DDR1_CKE1/DDR2_CS3,-5.212,12.053
AV32,DDR1_CKE0/DDR2_CS0,-5.212,12.853
AW31,DDR1_BG1/DDR2_CA2,-4.412,13.653
AW32,DDR1_BG0/DDR2_CA1,-5.212,13.653
AV26,DDR1_BA1/DDR3_CA11,-0.412,12.853
AW25,DDR1_BA0/DDR3_CA9,0.388,13.653
AU31,DDR1_ACT#/DDR2_CA0,-4.412,12.053
BD21,DDR0_PAR/NC,3.588,17.653
BB14,DDR0_ODT3/NC,9.188,16.053
BC16,DDR0_ODT2/DDR1_CA1,7.588,16.853
BA16,DDR0_ODT1/DDR1_CS1,7.588,15.253
BD17,DDR0_ODT0/DDR1_CA3,6.788,17.653
BB34,DDR0_MA9/DDR0_CA4,-6.812,16.053
BC33,DDR0_MA8/DDR0_CA7,-6.012,16.853
BD33,DDR0_MA7/DDR0_CA6,-6.012,17.653
BC32,DDR0_MA6/DDR0_CA8,-5.212,16.853
BB32,DDR0_MA5/DDR0_CA9,-5.212,16.053
BA31,DDR0_MA4/DDR0_CA10,-4.412,15.253
BD31,DDR0_MA3/DDR0_CA11,-4.412,17.653
BC30,DDR0_MA2/NC,-3.612,16.853
BD19,DDR0_MA16/DDR1_CA8,5.188,17.653
BA18,DDR0_MA15/DDR1_CA4,5.988,15.253
BC19,DDR0_MA14/DDR1_CA7,5.188,16.853
BC17,DDR0_MA13/DDR1_CA2,6.788,16.853
BC34,DDR0_MA12/DDR0_CA3,-6.812,16.853
BA33,DDR0_MA11/DDR0_CA5,-6.012,15.253
BB20,DDR0_MA10/DDR1_CA10,4.388,16.053
BC31,DDR0_MA1/DDR0_CA12,-4.412,16.853
BC21,DDR0_MA0/DDR1_CA12,3.588,16.853
BD15,DDR0_CS3/DDR1_CS0,8.388,17.653
BB18,DDR0_CS2/DDR1_CA5,5.988,16.053
BB16,DDR0_CS1/DDR1_CA0,7.588,16.053
BC18,DDR0_CS0/DDR1_CA6,5.988,16.853
BC22,DDR0_CLKP3/DDR1_CLKP0,2.788,16.853
BD23,DDR0_CLKP2/DDR1_CLKP1,1.988,17.653
BC28,DDR0_CLKP1/DDR0_CLKP1,-2.012,16.853
BD29,DDR0_CLKP0/DDR0_CLKP0,-2.812,17.653
BB22,DDR0_CLKN3/DDR1_CLKN0,2.788,16.053
BC23,DDR0_CLKN2/DDR1_CLKN1,1.988,16.853
BB28,DDR0_CLKN1/DDR0_CLKN1,-2.012,16.053
BC29,DDR0_CLKN0/DDR0_CLKN0,-2.812,16.853
BD37,DDR0_CKE3/NC,-9.212,17.653
BB36,DDR0_CKE2/DDR0_CS1,-8.412,16.053
BA37,DDR0_CKE1/DDR0_CS3,-9.212,15.253
BC36,DDR0_CKE0/DDR0_CS0,-8.412,16.853
BC35,DDR0_BG1/DDR0_CA2,-7.612,16.853
BD35,DDR0_BG0/DDR0_CA1,-7.612,17.653
BC20,DDR0_BA1/DDR1_CA11,4.388,16.853
BA20,DDR0_BA0/DDR1_CA9,4.388,15.253
BA35,DDR0_ACT#/DDR0_CA0,-7.612,15.253
AP26,DDR1_ALERT#,-0.412,9.653
AP25,DDR0_ALERT#,0.388,9.653
AG52,DDR_VTT_CTL,-21.212,4.053
AH49,DDR_VREF_CA3,-18.812,4.853
AH51,DDR_VREF_CA2,-20.412,4.853
AH50,DDR_VREF_CA1,-19.612,4.853
AH52,DDR_VREF_CA0,-21.212,4.853
AR42,RSVD_TP,-13.212,10.453
AP29,RSVD,-2.812,9.653
AP28,RSVD,-2.012,9.653
